number,inicio,fin,fecha_pico,duracion_meses,magnitud_pico,categoria_oficial,categoria_relativa
M01,1905-07-01,1905-12-01,1905-09-01,6,0.6755,debil,moderado
M01,1909-10-01,1909-12-01,1909-11-01,3,0.5271,debil,moderado
M01,1911-06-01,1911-10-01,1911-08-01,5,0.8909,debil,fuerte
M01,1913-07-01,1913-11-01,1913-08-01,5,0.8708,debil,fuerte
M01,1915-06-01,1916-09-01,1916-06-01,16,2.3150,fuerte,extremo
M01,1918-05-01,1918-09-01,1918-07-01,5,1.5865,moderado,extremo
M01,1920-07-01,1920-12-01,1920-08-01,6,0.9680,debil,fuerte
M01,1926-06-01,1926-10-01,1926-08-01,5,1.1533,debil,fuerte
M01,1935-07-01,1935-09-01,1935-08-01,3,0.7223,debil,moderado
M01,1936-02-01,1936-08-01,1936-06-01,7,1.3461,debil,fuerte
M01,1941-04-01,1941-09-01,1941-07-01,6,1.0093,debil,fuerte
M01,1944-05-01,1944-08-01,1944-07-01,4,1.1494,debil,fuerte
M01,1948-07-01,1949-06-01,1948-10-01,12,1.6138,moderado,extremo
M01,1950-09-01,1951-01-01,1950-10-01,5,0.8645,debil,fuerte
M01,1951-04-01,1951-06-01,1951-06-01,3,0.7084,debil,moderado
M01,1955-05-01,1955-07-01,1955-07-01,3,0.6997,debil,moderado
M01,1960-08-01,1961-01-01,1960-10-01,6,1.1253,debil,fuerte
M01,1970-06-01,1970-09-01,1970-07-01,4,0.7272,debil,moderado
M01,1972-07-01,1973-10-01,1973-07-01,16,2.5013,fuerte,extremo
M01,1977-05-01,1977-07-01,1977-06-01,3,0.7555,debil,fuerte
M01,1978-06-01,1978-10-01,1978-07-01,5,0.9591,debil,fuerte
M01,1983-11-01,1984-06-01,1984-05-01,8,0.6602,debil,moderado
M01,1985-08-01,1986-10-01,1986-07-01,15,2.4343,fuerte,extremo
M01,1990-05-01,1991-07-01,1990-10-01,15,1.4228,moderado,fuerte
M01,1994-05-01,1994-07-01,1994-06-01,3,0.7362,debil,fuerte
M01,1999-07-01,1999-09-01,1999-08-01,3,0.6346,debil,moderado
M01,2000-01-01,2000-05-01,2000-03-01,5,0.7026,debil,moderado
M01,2002-10-01,2003-06-01,2002-11-01,9,0.6383,debil,moderado
M01,2005-07-01,2006-07-01,2005-09-01,13,1.0879,debil,fuerte
M01,2007-06-01,2007-09-01,2007-08-01,4,0.7613,debil,fuerte
M01,2008-09-01,2008-12-01,2008-11-01,4,0.6148,debil,moderado
M01,2010-01-01,2010-08-01,2010-06-01,8,1.4235,moderado,fuerte
M01,2010-10-01,2011-01-01,2010-11-01,4,0.6455,debil,moderado
M01,2011-03-01,2012-10-01,2012-07-01,20,2.3689,fuerte,extremo
M01,2013-09-01,2014-03-01,2013-10-01,7,0.7877,debil,fuerte
M02,1900-04-01,1900-09-01,1900-06-01,6,0.9150,debil,moderado
M02,1908-05-01,1908-08-01,1908-07-01,4,1.3522,moderado,fuerte
M02,1910-10-01,1910-12-01,1910-11-01,3,0.6897,debil,moderado
M02,1911-05-01,1911-12-01,1911-08-01,8,0.9334,debil,moderado
M02,1915-04-01,1915-06-01,1915-05-01,3,0.7260,debil,moderado
M02,1917-11-01,1918-01-01,1917-12-01,3,0.7245,debil,moderado
M02,1920-05-01,1921-01-01,1920-08-01,9,2.2402,fuerte,extremo
M02,1923-05-01,1924-01-01,1923-08-01,9,1.7958,moderado,fuerte
M02,1925-05-01,1926-05-01,1925-08-01,13,0.7658,debil,moderado
M02,1929-06-01,1929-12-01,1929-10-01,7,1.3626,moderado,fuerte
M02,1934-05-01,1935-01-01,1934-09-01,9,1.2606,debil,fuerte
M02,1941-08-01,1941-12-01,1941-11-01,5,0.9020,debil,moderado
M02,1945-07-01,1946-01-01,1945-12-01,7,0.5651,debil,moderado
M02,1948-06-01,1949-05-01,1948-09-01,12,2.1043,moderado,extremo
M02,1951-06-01,1952-04-01,1951-12-01,11,1.0051,debil,fuerte
M02,1953-11-01,1954-01-01,1953-12-01,3,0.5566,debil,moderado
M02,1954-06-01,1955-01-01,1954-11-01,8,0.7719,debil,moderado
M02,1957-05-01,1957-08-01,1957-07-01,4,1.5040,moderado,fuerte
M02,1961-05-01,1962-01-01,1961-07-01,9,2.0996,moderado,extremo
M02,1962-04-01,1962-06-01,1962-05-01,3,0.5365,debil,moderado
M02,1962-09-01,1963-06-01,1963-05-01,10,1.2729,debil,fuerte
M02,1968-05-01,1969-02-01,1968-07-01,10,1.9628,moderado,extremo
M02,1972-11-01,1973-09-01,1973-06-01,11,0.9472,debil,fuerte
M02,1983-09-01,1984-06-01,1983-12-01,10,1.1423,debil,fuerte
M02,1986-07-01,1987-01-01,1986-09-01,7,1.3016,debil,fuerte
M02,1995-04-01,1996-05-01,1995-07-01,14,2.5813,fuerte,extremo
M02,1997-09-01,1997-12-01,1997-10-01,4,0.6772,debil,moderado
M02,1998-04-01,1998-06-01,1998-05-01,3,0.5800,debil,moderado
M02,1998-10-01,1999-05-01,1999-01-01,8,0.9456,debil,fuerte
M02,2000-12-01,2002-07-01,2001-12-01,20,1.5453,moderado,fuerte
M02,2004-05-01,2005-07-01,2004-07-01,15,1.7786,moderado,fuerte
M02,2007-07-01,2008-01-01,2007-10-01,7,1.0349,debil,fuerte
M02,2008-05-01,2009-03-01,2008-12-01,11,0.7866,debil,moderado
M02,2010-02-01,2011-07-01,2010-12-01,18,0.8941,debil,moderado
M02,2012-04-01,2014-06-01,2012-08-01,27,1.8989,moderado,extremo
M03,1900-06-01,1900-08-01,1900-07-01,3,0.7513,debil,moderado
M03,1903-05-01,1904-03-01,1903-07-01,11,1.3692,moderado,fuerte
M03,1907-05-01,1907-08-01,1907-06-01,4,1.6422,moderado,fuerte
M03,1910-06-01,1911-05-01,1910-12-01,12,2.3884,fuerte,extremo
M03,1913-07-01,1913-11-01,1913-08-01,5,1.1248,debil,fuerte
M03,1923-06-01,1924-07-01,1924-01-01,14,1.2056,debil,fuerte
M03,1929-06-01,1929-10-01,1929-08-01,5,1.3997,moderado,fuerte
M03,1934-04-01,1934-08-01,1934-06-01,5,1.1946,debil,fuerte
M03,1938-05-01,1938-08-01,1938-05-01,4,0.6900,debil,moderado
M03,1940-05-01,1940-07-01,1940-06-01,3,0.9406,debil,fuerte
M03,1943-06-01,1943-11-01,1943-08-01,6,1.1655,debil,fuerte
M03,1947-05-01,1947-10-01,1947-07-01,6,1.8523,moderado,extremo
M03,1948-03-01,1948-07-01,1948-05-01,5,1.2125,debil,fuerte
M03,1953-07-01,1954-03-01,1953-08-01,9,0.7111,debil,moderado
M03,1956-06-01,1956-08-01,1956-07-01,3,1.2328,debil,fuerte
M03,1961-11-01,1962-01-01,1961-12-01,3,0.5289,debil,moderado
M03,1962-05-01,1963-02-01,1962-07-01,10,1.5446,moderado,fuerte
M03,1964-05-01,1964-08-01,1964-06-01,4,0.8730,debil,moderado
M03,1967-07-01,1967-09-01,1967-08-01,3,0.6007,debil,moderado
M03,1968-04-01,1968-08-01,1968-06-01,5,1.7925,moderado,extremo
M03,1969-06-01,1970-05-01,1970-01-01,12,1.7684,moderado,extremo
M03,1974-04-01,1974-07-01,1974-05-01,4,0.8230,debil,moderado
M03,1976-06-01,1976-08-01,1976-07-01,3,0.6641,debil,moderado
M03,1977-02-01,1977-05-01,1977-04-01,4,0.8253,debil,moderado
M03,1979-04-01,1979-10-01,1979-07-01,7,2.1422,moderado,extremo
M03,1983-09-01,1984-01-01,1983-11-01,5,0.9779,debil,fuerte
M03,1986-05-01,1986-10-01,1986-08-01,6,1.7493,moderado,extremo
M03,1988-05-01,1989-02-01,1988-08-01,10,1.1554,debil,fuerte
M03,1989-05-01,1990-03-01,1989-08-01,11,1.7696,moderado,extremo
M03,1995-04-01,1995-08-01,1995-06-01,5,1.7749,moderado,extremo
M03,1996-02-01,1996-06-01,1996-05-01,5,0.9969,debil,fuerte
M03,1998-05-01,1998-08-01,1998-06-01,4,1.3108,debil,fuerte
M03,2000-10-01,2001-02-01,2000-12-01,5,0.8751,debil,fuerte
M03,2002-07-01,2002-11-01,2002-08-01,5,0.9553,debil,fuerte
M03,2004-04-01,2004-06-01,2004-05-01,3,0.9289,debil,fuerte
M03,2006-12-01,2007-06-01,2007-04-01,7,0.8704,debil,moderado
M03,2007-08-01,2008-03-01,2008-01-01,8,1.2117,debil,fuerte
M03,2008-10-01,2010-07-01,2009-08-01,22,1.9336,moderado,extremo
M03,2012-01-01,2012-12-01,2012-07-01,12,2.1985,fuerte,extremo
M03,2013-09-01,2014-03-01,2013-11-01,7,1.1599,debil,fuerte
M04,1903-06-01,1903-12-01,1903-10-01,7,1.2255,debil,fuerte
M04,1914-09-01,1914-11-01,1914-10-01,3,0.7414,debil,moderado
M04,1916-05-01,1916-10-01,1916-06-01,6,1.4031,moderado,fuerte
M04,1921-05-01,1921-10-01,1921-07-01,6,1.5508,moderado,fuerte
M04,1925-05-01,1925-11-01,1925-08-01,7,1.2099,debil,fuerte
M04,1927-05-01,1928-01-01,1927-09-01,9,1.5965,moderado,fuerte
M04,1932-04-01,1933-02-01,1932-08-01,11,2.4540,fuerte,extremo
M04,1934-06-01,1934-08-01,1934-06-01,3,0.5980,debil,moderado
M04,1936-06-01,1936-08-01,1936-07-01,3,0.8093,debil,moderado
M04,1939-07-01,1939-12-01,1939-10-01,6,1.4285,moderado,fuerte
M04,1941-05-01,1942-01-01,1941-08-01,9,2.4847,fuerte,extremo
M04,1943-05-01,1943-12-01,1943-09-01,8,1.2871,debil,fuerte
M04,1946-06-01,1946-10-01,1946-07-01,5,0.8489,debil,fuerte
M04,1948-06-01,1948-08-01,1948-07-01,3,0.7241,debil,moderado
M04,1950-07-01,1950-10-01,1950-09-01,4,1.1669,debil,fuerte
M04,1953-10-01,1954-02-01,1953-12-01,5,0.6040,debil,moderado
M04,1956-05-01,1957-03-01,1956-07-01,11,2.0918,moderado,extremo
M04,1958-06-01,1958-12-01,1958-09-01,7,1.2409,debil,fuerte
M04,1963-06-01,1964-01-01,1963-07-01,8,0.8138,debil,moderado
M04,1965-07-01,1965-11-01,1965-09-01,5,1.3086,debil,fuerte
M04,1967-08-01,1967-11-01,1967-09-01,4,0.9276,debil,fuerte
M04,1970-04-01,1970-06-01,1970-05-01,3,0.7177,debil,moderado
M04,1976-05-01,1976-10-01,1976-06-01,6,1.2473,debil,fuerte
M04,1978-04-01,1978-07-01,1978-06-01,4,0.5876,debil,moderado
M04,1980-05-01,1980-12-01,1980-07-01,8,2.4261,fuerte,extremo
M04,1981-09-01,1981-12-01,1981-10-01,4,0.4844,debil,moderado
M04,1982-12-01,1983-04-01,1983-01-01,5,0.6254,debil,moderado
M04,1989-05-01,1989-09-01,1989-07-01,5,0.8748,debil,fuerte
M04,1991-05-01,1991-08-01,1991-07-01,4,1.1331,debil,fuerte
M04,1994-04-01,1995-02-01,1994-08-01,11,1.0773,debil,fuerte
M04,1996-05-01,1997-04-01,1996-08-01,12,1.7310,moderado,extremo
M04,2000-07-01,2000-12-01,2000-09-01,6,1.2183,debil,fuerte
M04,2001-11-01,2002-09-01,2002-01-01,11,0.9350,debil,fuerte
M04,2004-04-01,2005-04-01,2004-07-01,13,2.1769,fuerte,extremo
M04,2006-04-01,2007-03-01,2006-07-01,12,1.7579,moderado,extremo
M04,2008-12-01,2009-03-01,2009-01-01,4,0.6655,debil,moderado
M04,2011-05-01,2012-01-01,2011-06-01,9,1.3799,moderado,fuerte
M04,2013-06-01,2014-01-01,2013-08-01,8,1.1413,debil,fuerte
M05,1901-06-01,1901-11-01,1901-08-01,6,1.0744,debil,fuerte
M05,1907-06-01,1908-01-01,1907-08-01,8,1.0765,debil,fuerte
M05,1913-06-01,1913-12-01,1913-11-01,7,0.9077,debil,fuerte
M05,1916-07-01,1916-11-01,1916-08-01,5,1.0800,debil,fuerte
M05,1917-02-01,1917-05-01,1917-04-01,4,0.8344,debil,fuerte
M05,1919-10-01,1920-07-01,1920-05-01,10,1.1891,debil,fuerte
M05,1925-11-01,1926-06-01,1926-04-01,8,1.0672,debil,fuerte
M05,1928-07-01,1929-06-01,1928-09-01,12,1.2198,debil,fuerte
M05,1931-08-01,1932-07-01,1931-12-01,12,1.8092,moderado,extremo
M05,1938-11-01,1939-01-01,1938-12-01,3,0.6216,debil,moderado
M05,1940-09-01,1940-12-01,1940-10-01,4,0.6522,debil,moderado
M05,1945-05-01,1946-09-01,1946-06-01,17,2.8751,fuerte,extremo
M05,1950-10-01,1951-01-01,1950-12-01,4,0.6353,debil,moderado
M05,1953-05-01,1954-08-01,1954-06-01,16,2.5135,fuerte,extremo
M05,1955-06-01,1955-10-01,1955-07-01,5,0.7188,debil,moderado
M05,1960-06-01,1961-07-01,1960-07-01,14,1.1755,debil,fuerte
M05,1964-06-01,1964-09-01,1964-07-01,4,0.6650,debil,moderado
M05,1966-12-01,1967-12-01,1967-09-01,13,0.9533,debil,fuerte
M05,1970-06-01,1970-08-01,1970-07-01,3,0.6640,debil,moderado
M05,1972-07-01,1972-09-01,1972-08-01,3,0.9238,debil,fuerte
M05,1974-06-01,1974-08-01,1974-07-01,3,1.5407,moderado,fuerte
M05,1976-07-01,1977-09-01,1977-06-01,15,1.7593,moderado,extremo
M05,1979-11-01,1980-04-01,1980-03-01,6,0.6454,debil,moderado
M05,1983-04-01,1984-04-01,1983-07-01,13,1.5744,moderado,fuerte
M05,1985-08-01,1985-10-01,1985-09-01,3,0.8094,debil,moderado
M05,1986-07-01,1987-04-01,1986-09-01,10,0.9225,debil,fuerte
M05,1991-05-01,1991-07-01,1991-06-01,3,0.8221,debil,moderado
M05,1992-04-01,1992-09-01,1992-08-01,6,0.7362,debil,moderado
M05,1996-06-01,1997-01-01,1996-07-01,8,0.8682,debil,fuerte
M05,1998-02-01,1998-06-01,1998-04-01,5,0.9938,debil,fuerte
M05,2002-05-01,2003-04-01,2002-07-01,12,1.7175,moderado,extremo
M05,2003-11-01,2004-09-01,2004-07-01,11,1.0486,debil,fuerte
M05,2005-02-01,2005-06-01,2005-03-01,5,0.8025,debil,moderado
M05,2007-09-01,2007-11-01,2007-10-01,3,0.5768,debil,moderado
M05,2008-09-01,2009-01-01,2008-11-01,5,1.0389,debil,fuerte
M05,2010-07-01,2010-11-01,2010-08-01,5,1.1242,debil,fuerte
M05,2012-01-01,2013-05-01,2012-10-01,17,1.4075,moderado,fuerte
M06,1900-02-01,1900-05-01,1900-02-01,4,0.8572,debil,fuerte
M06,1903-02-01,1903-04-01,1903-03-01,3,0.4974,debil,moderado
M06,1903-06-01,1903-09-01,1903-08-01,4,0.9740,debil,fuerte
M06,1905-12-01,1906-03-01,1906-01-01,4,0.5647,debil,moderado
M06,1906-06-01,1906-08-01,1906-07-01,3,0.7564,debil,moderado
M06,1911-06-01,1912-05-01,1911-09-01,12,1.4582,moderado,fuerte
M06,1915-05-01,1915-08-01,1915-06-01,4,0.9076,debil,fuerte
M06,1919-02-01,1919-07-01,1919-06-01,6,0.7582,debil,moderado
M06,1922-02-01,1922-09-01,1922-07-01,8,0.7055,debil,moderado
M06,1923-05-01,1923-09-01,1923-07-01,5,1.1416,debil,fuerte
M06,1927-06-01,1928-05-01,1928-01-01,12,1.2493,debil,fuerte
M06,1932-01-01,1933-01-01,1932-08-01,13,2.2413,fuerte,extremo
M06,1933-05-01,1933-11-01,1933-08-01,7,1.3412,debil,fuerte
M06,1936-07-01,1937-08-01,1937-01-01,14,1.4664,moderado,fuerte
M06,1938-08-01,1939-08-01,1939-06-01,13,1.1059,debil,fuerte
M06,1942-01-01,1943-02-01,1942-07-01,14,1.0108,debil,fuerte
M06,1947-04-01,1948-09-01,1947-08-01,18,1.3677,moderado,fuerte
M06,1952-06-01,1952-08-01,1952-07-01,3,0.5004,debil,moderado
M06,1953-01-01,1953-07-01,1953-03-01,7,0.7858,debil,moderado
M06,1954-06-01,1954-08-01,1954-07-01,3,0.6023,debil,moderado
M06,1955-03-01,1955-05-01,1955-04-01,3,0.6821,debil,moderado
M06,1957-01-01,1957-04-01,1957-02-01,4,0.7206,debil,moderado
M06,1959-05-01,1959-11-01,1959-08-01,7,1.3548,moderado,fuerte
M06,1960-03-01,1960-06-01,1960-05-01,4,0.8551,debil,fuerte
M06,1962-02-01,1962-05-01,1962-03-01,4,0.7238,debil,moderado
M06,1962-10-01,1963-11-01,1963-02-01,14,1.2199,debil,fuerte
M06,1964-04-01,1964-10-01,1964-07-01,7,1.1987,debil,fuerte
M06,1967-06-01,1968-05-01,1968-02-01,12,1.6735,moderado,extremo
M06,1970-07-01,1970-10-01,1970-08-01,4,0.8777,debil,fuerte
M06,1971-03-01,1971-08-01,1971-07-01,6,1.2637,debil,fuerte
M06,1972-12-01,1973-07-01,1973-06-01,8,0.6665,debil,moderado
M06,1975-10-01,1976-03-01,1976-01-01,6,0.8051,debil,moderado
M06,1977-09-01,1978-07-01,1978-02-01,11,0.8097,debil,moderado
M06,1980-01-01,1980-03-01,1980-02-01,3,0.6178,debil,moderado
M06,1981-08-01,1982-08-01,1981-12-01,13,2.0279,moderado,extremo
M06,1984-10-01,1985-06-01,1985-01-01,9,1.2891,debil,fuerte
M06,1987-07-01,1988-07-01,1988-01-01,13,1.6588,moderado,fuerte
M06,1992-05-01,1993-07-01,1993-01-01,15,1.5917,moderado,fuerte
M06,1997-08-01,1998-06-01,1998-01-01,11,1.6607,moderado,extremo
M06,2001-05-01,2002-07-01,2001-08-01,15,2.2400,fuerte,extremo
M06,2004-01-01,2004-07-01,2004-05-01,7,0.8989,debil,fuerte
M06,2005-01-01,2005-06-01,2005-05-01,6,0.7291,debil,moderado
M06,2007-05-01,2008-07-01,2007-09-01,15,1.7437,moderado,extremo
M06,2011-01-01,2011-08-01,2011-06-01,8,0.7535,debil,moderado
M06,2012-04-01,2012-10-01,2012-08-01,7,1.0158,debil,fuerte
M06,2013-09-01,2014-09-01,2014-01-01,13,1.8405,moderado,extremo
M07,1903-08-01,1904-07-01,1904-04-01,12,1.9475,moderado,fuerte
M07,1905-12-01,1906-02-01,1906-01-01,3,0.5997,debil,moderado
M07,1907-07-01,1907-09-01,1907-08-01,3,0.5582,debil,moderado
M07,1910-05-01,1911-04-01,1910-10-01,12,2.3567,fuerte,extremo
M07,1919-03-01,1919-06-01,1919-05-01,4,0.8034,debil,moderado
M07,1921-07-01,1921-10-01,1921-09-01,4,0.7206,debil,moderado
M07,1924-10-01,1924-12-01,1924-11-01,3,0.4839,debil,moderado
M07,1928-05-01,1928-11-01,1928-07-01,7,1.0688,debil,fuerte
M07,1929-06-01,1930-02-01,1929-12-01,9,1.1140,debil,fuerte
M07,1932-06-01,1932-10-01,1932-07-01,5,0.7977,debil,moderado
M07,1934-06-01,1935-09-01,1934-12-01,16,2.7804,fuerte,extremo
M07,1939-10-01,1940-01-01,1939-12-01,4,0.7423,debil,moderado
M07,1942-08-01,1942-10-01,1942-09-01,3,0.6730,debil,moderado
M07,1945-06-01,1946-06-01,1945-09-01,13,1.7985,moderado,fuerte
M07,1949-05-01,1949-08-01,1949-06-01,4,0.9374,debil,moderado
M07,1952-05-01,1953-06-01,1952-12-01,14,1.5912,moderado,fuerte
M07,1956-07-01,1956-11-01,1956-09-01,5,0.5235,debil,moderado
M07,1958-05-01,1959-06-01,1958-12-01,14,2.5552,fuerte,extremo
M07,1964-02-01,1965-01-01,1964-09-01,12,1.6258,moderado,fuerte
M07,1967-06-01,1967-12-01,1967-07-01,7,0.8149,debil,moderado
M07,1970-06-01,1972-02-01,1971-05-01,21,1.7282,moderado,fuerte
M07,1976-07-01,1977-02-01,1976-10-01,8,1.1733,debil,fuerte
M07,1982-08-01,1983-06-01,1982-12-01,11,1.9913,moderado,fuerte
M07,1986-09-01,1987-03-01,1986-12-01,7,1.1558,debil,fuerte
M07,1987-12-01,1988-05-01,1988-05-01,6,0.7496,debil,moderado
M07,1990-08-01,1991-07-01,1991-05-01,12,2.2338,fuerte,extremo
M07,1993-05-01,1994-03-01,1993-09-01,11,2.6618,fuerte,extremo
M07,1996-07-01,1996-10-01,1996-07-01,4,0.7696,debil,moderado
M07,2000-06-01,2001-02-01,2000-09-01,9,1.5405,moderado,fuerte
M07,2001-09-01,2002-07-01,2002-05-01,11,1.3026,debil,fuerte
M07,2006-04-01,2007-08-01,2006-12-01,17,2.2357,fuerte,extremo
M07,2009-05-01,2010-04-01,2009-09-01,12,1.7457,moderado,fuerte
M07,2011-07-01,2013-07-01,2012-08-01,25,2.7685,fuerte,extremo
M08,1903-04-01,1904-07-01,1903-09-01,16,2.9952,fuerte,extremo
M08,1905-12-01,1906-03-01,1906-02-01,4,0.7395,debil,moderado
M08,1906-08-01,1907-01-01,1906-09-01,6,0.6851,debil,moderado
M08,1917-06-01,1918-01-01,1917-09-01,8,1.5961,moderado,fuerte
M08,1920-11-01,1921-01-01,1920-12-01,3,0.6229,debil,moderado
M08,1921-06-01,1922-02-01,1921-12-01,9,0.9744,debil,moderado
M08,1923-07-01,1924-04-01,1923-12-01,10,1.9085,moderado,fuerte
M08,1926-05-01,1926-08-01,1926-06-01,4,0.8698,debil,moderado
M08,1927-06-01,1927-11-01,1927-08-01,6,0.7930,debil,moderado
M08,1930-06-01,1931-02-01,1930-10-01,9,0.9104,debil,moderado
M08,1934-11-01,1936-07-01,1935-12-01,21,4.0979,extraordinario,extremo
M08,1938-10-01,1939-04-01,1939-01-01,7,0.8198,debil,moderado
M08,1942-05-01,1942-09-01,1942-07-01,5,0.9195,debil,moderado
M08,1943-06-01,1944-05-01,1943-09-01,12,1.2527,debil,fuerte
M08,1949-02-01,1950-01-01,1949-07-01,12,1.6181,moderado,fuerte
M08,1951-05-01,1952-08-01,1951-12-01,16,2.7418,fuerte,extremo
M08,1954-12-01,1955-02-01,1955-01-01,3,0.5217,debil,moderado
M08,1955-09-01,1956-01-01,1955-12-01,5,0.9438,debil,moderado
M08,1956-12-01,1957-03-01,1957-02-01,4,0.6491,debil,moderado
M08,1960-06-01,1960-09-01,1960-07-01,4,0.6666,debil,moderado
M08,1963-05-01,1964-07-01,1963-12-01,15,2.0982,moderado,extremo
M08,1967-09-01,1967-12-01,1967-12-01,4,0.4730,debil,moderado
M08,1972-06-01,1973-07-01,1973-01-01,14,1.9525,moderado,fuerte
M08,1975-06-01,1975-10-01,1975-08-01,5,0.5895,debil,moderado
M08,1977-05-01,1978-07-01,1977-12-01,15,1.1285,debil,fuerte
M08,1978-10-01,1979-01-01,1978-12-01,4,0.8039,debil,moderado
M08,1980-05-01,1982-03-01,1981-01-01,23,1.6392,moderado,fuerte
M08,1983-12-01,1985-01-01,1984-06-01,14,1.8583,moderado,fuerte
M08,1988-05-01,1989-02-01,1988-09-01,10,2.0193,moderado,extremo
M08,1991-05-01,1991-07-01,1991-06-01,3,0.7671,debil,moderado
M08,1992-05-01,1993-03-01,1992-09-01,11,2.1030,moderado,extremo
M08,1996-06-01,1996-08-01,1996-08-01,3,0.5524,debil,moderado
M08,1999-12-01,2001-10-01,2000-12-01,23,1.2206,debil,fuerte
M08,2003-03-01,2004-01-01,2003-09-01,11,1.1341,debil,fuerte
M08,2006-05-01,2007-01-01,2006-07-01,9,1.1334,debil,fuerte
M08,2007-03-01,2008-05-01,2007-07-01,15,2.1843,fuerte,extremo
M08,2009-05-01,2009-10-01,2009-07-01,6,1.0015,debil,moderado
M08,2011-03-01,2012-02-01,2011-08-01,12,1.2334,debil,fuerte
M08,2014-04-01,2014-11-01,2014-11-01,8,1.0277,debil,fuerte
M09,1900-06-01,1900-11-01,1900-07-01,6,0.7684,debil,moderado
M09,1901-05-01,1901-07-01,1901-07-01,3,0.6524,debil,moderado
M09,1905-05-01,1905-07-01,1905-06-01,3,0.8211,debil,fuerte
M09,1907-04-01,1907-06-01,1907-05-01,3,0.9493,debil,fuerte
M09,1909-05-01,1910-07-01,1909-11-01,15,1.4743,moderado,fuerte
M09,1916-04-01,1916-12-01,1916-06-01,9,1.1747,debil,fuerte
M09,1921-04-01,1922-01-01,1921-06-01,10,1.4731,moderado,fuerte
M09,1926-05-01,1926-08-01,1926-06-01,4,0.7998,debil,moderado
M09,1927-04-01,1927-12-01,1927-06-01,9,1.3293,debil,fuerte
M09,1929-03-01,1929-05-01,1929-04-01,3,0.5533,debil,moderado
M09,1936-06-01,1936-09-01,1936-06-01,4,1.0175,debil,fuerte
M09,1941-04-01,1941-07-01,1941-06-01,4,0.8197,debil,fuerte
M09,1947-05-01,1947-11-01,1947-06-01,7,1.2847,debil,fuerte
M09,1948-04-01,1948-07-01,1948-05-01,4,0.6590,debil,moderado
M09,1950-04-01,1950-06-01,1950-05-01,3,0.6438,debil,moderado
M09,1950-09-01,1951-09-01,1951-06-01,13,1.3924,moderado,fuerte
M09,1951-11-01,1952-01-01,1952-01-01,3,0.5073,debil,moderado
M09,1952-03-01,1953-02-01,1952-06-01,12,1.3050,debil,fuerte
M09,1955-04-01,1956-01-01,1955-05-01,10,1.1863,debil,fuerte
M09,1956-06-01,1956-09-01,1956-06-01,4,0.4740,debil,moderado
M09,1956-11-01,1957-01-01,1956-12-01,3,0.6884,debil,moderado
M09,1962-06-01,1962-08-01,1962-07-01,3,0.5863,debil,moderado
M09,1964-04-01,1965-02-01,1964-12-01,11,1.3256,debil,fuerte
M09,1970-04-01,1972-02-01,1971-05-01,23,2.0122,moderado,extremo
M09,1978-04-01,1978-06-01,1978-05-01,3,0.8433,debil,fuerte
M09,1979-04-01,1979-12-01,1979-06-01,9,2.0164,moderado,extremo
M09,1980-06-01,1981-01-01,1980-07-01,8,1.2244,debil,fuerte
M09,1982-08-01,1982-10-01,1982-08-01,3,0.6752,debil,moderado
M09,1983-04-01,1984-09-01,1983-12-01,18,1.2745,debil,fuerte
M09,1987-04-01,1987-12-01,1987-06-01,9,0.8526,debil,fuerte
M09,1990-03-01,1990-05-01,1990-03-01,3,0.5323,debil,moderado
M09,1990-07-01,1991-09-01,1990-12-01,15,1.4408,moderado,fuerte
M09,1997-05-01,1997-07-01,1997-06-01,3,0.7922,debil,moderado
M09,2001-06-01,2001-08-01,2001-06-01,3,0.6556,debil,moderado
M09,2002-04-01,2003-02-01,2002-07-01,11,1.9370,moderado,extremo
M09,2006-03-01,2006-06-01,2006-04-01,4,0.7379,debil,moderado
M09,2007-04-01,2007-12-01,2007-07-01,9,1.8230,moderado,extremo
M09,2008-06-01,2008-10-01,2008-08-01,5,1.0242,debil,fuerte
M09,2010-03-01,2010-10-01,2010-05-01,8,0.7829,debil,moderado
M09,2012-01-01,2013-02-01,2012-08-01,14,1.6190,moderado,extremo
M10,1902-05-01,1902-07-01,1902-06-01,3,0.5351,debil,moderado
M10,1906-04-01,1906-08-01,1906-05-01,5,0.7321,debil,moderado
M10,1912-02-01,1913-06-01,1912-10-01,17,2.0803,moderado,extremo
M10,1920-06-01,1920-12-01,1920-11-01,7,0.6765,debil,moderado
M10,1927-04-01,1927-11-01,1927-07-01,8,1.1243,debil,fuerte
M10,1931-03-01,1932-09-01,1932-05-01,19,3.8420,extraordinario,extremo
M10,1935-06-01,1935-10-01,1935-07-01,5,0.7995,debil,moderado
M10,1939-08-01,1940-01-01,1939-11-01,6,0.8675,debil,moderado
M10,1940-06-01,1941-05-01,1940-12-01,12,0.8056,debil,moderado
M10,1944-03-01,1944-06-01,1944-04-01,4,0.9529,debil,fuerte
M10,1946-04-01,1946-12-01,1946-07-01,9,1.1192,debil,fuerte
M10,1961-09-01,1963-01-01,1962-06-01,17,1.1721,debil,fuerte
M10,1966-03-01,1966-07-01,1966-05-01,5,0.7484,debil,moderado
M10,1967-05-01,1968-01-01,1967-07-01,9,1.4958,moderado,fuerte
M10,1972-03-01,1973-11-01,1972-06-01,21,1.7891,moderado,extremo
M10,1978-04-01,1978-10-01,1978-05-01,7,0.8868,debil,fuerte
M10,1983-07-01,1984-01-01,1983-10-01,7,0.8553,debil,moderado
M10,1986-02-01,1986-07-01,1986-04-01,6,1.2362,debil,fuerte
M10,1989-04-01,1990-12-01,1989-06-01,21,1.6916,moderado,fuerte
M10,1991-09-01,1992-07-01,1992-04-01,11,0.9347,debil,fuerte
M10,1997-05-01,1997-11-01,1997-07-01,7,0.9393,debil,fuerte
M10,2001-04-01,2002-08-01,2001-08-01,17,1.8389,moderado,extremo
M10,2005-05-01,2005-09-01,2005-08-01,5,0.6508,debil,moderado
M10,2006-02-01,2006-12-01,2006-06-01,11,1.3379,debil,fuerte
M10,2007-05-01,2008-07-01,2007-07-01,15,1.7968,moderado,extremo
M10,2010-04-01,2010-12-01,2010-06-01,9,1.1894,debil,fuerte
M10,2011-04-01,2012-02-01,2011-09-01,11,1.7021,moderado,fuerte
M10,2012-06-01,2013-02-01,2012-10-01,9,0.6266,debil,moderado
M11,1900-04-01,1901-06-01,1901-05-01,15,1.0225,debil,fuerte
M11,1907-04-01,1907-06-01,1907-05-01,3,0.7277,debil,moderado
M11,1916-06-01,1917-07-01,1917-05-01,14,1.6353,moderado,extremo
M11,1922-05-01,1922-08-01,1922-06-01,4,0.9065,debil,fuerte
M11,1928-07-01,1928-10-01,1928-08-01,4,0.8012,debil,fuerte
M11,1929-08-01,1929-10-01,1929-09-01,3,0.5050,debil,moderado
M11,1941-08-01,1941-10-01,1941-08-01,3,0.6418,debil,moderado
M11,1942-04-01,1942-07-01,1942-05-01,4,0.8212,debil,fuerte
M11,1948-10-01,1949-01-01,1948-11-01,4,0.8794,debil,fuerte
M11,1949-03-01,1949-06-01,1949-05-01,4,1.1460,debil,fuerte
M11,1951-10-01,1951-12-01,1951-11-01,3,0.4426,debil,moderado
M11,1955-05-01,1955-07-01,1955-06-01,3,0.5538,debil,moderado
M11,1957-04-01,1958-09-01,1958-07-01,18,2.5870,fuerte,extremo
M11,1960-05-01,1960-11-01,1960-07-01,7,2.3720,fuerte,extremo
M11,1961-03-01,1961-09-01,1961-04-01,7,0.7683,debil,fuerte
M11,1963-09-01,1963-11-01,1963-10-01,3,0.6247,debil,moderado
M11,1964-04-01,1964-10-01,1964-06-01,7,1.5088,moderado,extremo
M11,1968-06-01,1968-10-01,1968-08-01,5,1.3075,debil,fuerte
M11,1971-04-01,1971-08-01,1971-06-01,5,1.6469,moderado,extremo
M11,1974-10-01,1975-08-01,1975-06-01,11,2.1019,moderado,extremo
M11,1977-04-01,1977-10-01,1977-06-01,7,0.9501,debil,fuerte
M11,1979-09-01,1980-08-01,1980-07-01,12,1.0574,debil,fuerte
M11,1986-04-01,1986-09-01,1986-08-01,6,0.7228,debil,moderado
M11,1987-03-01,1987-05-01,1987-05-01,3,0.6895,debil,moderado
M11,1987-09-01,1987-12-01,1987-11-01,4,0.6244,debil,moderado
M11,1989-09-01,1990-01-01,1989-11-01,5,0.8362,debil,fuerte
M11,1990-03-01,1990-07-01,1990-06-01,5,0.8798,debil,fuerte
M11,1992-09-01,1993-08-01,1993-07-01,12,1.0564,debil,fuerte
M11,1995-01-01,1995-06-01,1995-05-01,6,0.8959,debil,fuerte
M11,1997-03-01,1997-09-01,1997-07-01,7,0.7876,debil,fuerte
M11,1998-02-01,1998-04-01,1998-03-01,3,0.5779,debil,moderado
M11,2000-05-01,2001-09-01,2001-06-01,17,2.8724,fuerte,extremo
M11,2003-05-01,2003-11-01,2003-09-01,7,1.0669,debil,fuerte
M11,2006-06-01,2007-08-01,2007-05-01,15,2.3233,fuerte,extremo
M11,2009-09-01,2010-07-01,2010-06-01,11,0.7819,debil,fuerte
M11,2011-09-01,2012-12-01,2012-09-01,16,1.0452,debil,fuerte
M12,1905-09-01,1906-01-01,1905-11-01,5,1.2549,debil,extremo
M12,1912-05-01,1912-07-01,1912-06-01,3,0.7579,debil,fuerte
M12,1916-05-01,1916-07-01,1916-06-01,3,0.7122,debil,fuerte
M12,1919-05-01,1919-11-01,1919-09-01,7,0.9160,debil,fuerte
M12,1928-05-01,1929-01-01,1928-10-01,9,1.1124,debil,fuerte
M12,1929-03-01,1929-08-01,1929-05-01,6,1.1917,debil,fuerte
M12,1936-05-01,1936-08-01,1936-06-01,4,1.3203,debil,extremo
M12,1944-05-01,1944-09-01,1944-07-01,5,0.8986,debil,fuerte
M12,1955-05-01,1955-07-01,1955-06-01,3,0.7035,debil,fuerte
M12,1958-11-01,1959-01-01,1958-12-01,3,1.1892,debil,fuerte
M12,1959-04-01,1959-07-01,1959-06-01,4,0.6905,debil,fuerte
M12,1960-09-01,1960-12-01,1960-10-01,4,0.8869,debil,fuerte
M12,1963-10-01,1964-01-01,1963-11-01,4,0.6042,debil,moderado
M12,1966-05-01,1966-12-01,1966-07-01,8,0.8108,debil,fuerte
M12,1968-10-01,1969-01-01,1968-11-01,4,1.2507,debil,extremo
M12,1974-09-01,1974-12-01,1974-11-01,4,1.0138,debil,fuerte
M12,1975-03-01,1975-07-01,1975-06-01,5,1.0707,debil,fuerte
M12,1977-09-01,1977-12-01,1977-11-01,4,0.6541,debil,fuerte
M12,1981-09-01,1982-01-01,1981-11-01,5,1.3281,debil,extremo
M12,1993-02-01,1993-08-01,1993-06-01,7,1.2124,debil,extremo
M12,1996-07-01,1997-01-01,1996-10-01,7,0.9745,debil,fuerte
M12,2002-12-01,2003-08-01,2003-06-01,9,0.9734,debil,fuerte
M12,2005-01-01,2005-06-01,2005-05-01,6,0.7674,debil,fuerte
M12,2007-01-01,2007-03-01,2007-02-01,3,0.5744,debil,moderado
M12,2007-09-01,2007-12-01,2007-11-01,4,1.0411,debil,fuerte
M12,2009-06-01,2010-09-01,2010-06-01,16,1.7656,moderado,extremo
M12,2011-03-01,2012-05-01,2011-05-01,15,1.0801,debil,fuerte
M12,2012-10-01,2013-01-01,2012-12-01,4,1.0650,debil,fuerte
M13,1900-07-01,1900-10-01,1900-08-01,4,1.0182,debil,fuerte
M13,1903-05-01,1904-10-01,1904-07-01,18,2.6620,fuerte,extremo
M13,1906-07-01,1907-08-01,1907-06-01,14,2.5337,fuerte,extremo
M13,1908-06-01,1908-09-01,1908-07-01,4,1.0238,debil,fuerte
M13,1911-04-01,1911-12-01,1911-07-01,9,1.4906,moderado,extremo
M13,1912-05-01,1912-07-01,1912-07-01,3,0.7781,debil,fuerte
M13,1914-04-01,1914-10-01,1914-06-01,7,0.9178,debil,fuerte
M13,1915-05-01,1915-07-01,1915-06-01,3,0.9766,debil,fuerte
M13,1916-06-01,1916-12-01,1916-08-01,7,1.5021,moderado,extremo
M13,1919-04-01,1919-09-01,1919-07-01,6,1.1472,debil,fuerte
M13,1927-06-01,1927-08-01,1927-06-01,3,0.4579,debil,moderado
M13,1928-03-01,1928-07-01,1928-05-01,5,1.1565,debil,fuerte
M13,1933-06-01,1933-10-01,1933-09-01,5,1.2067,debil,fuerte
M13,1936-07-01,1936-09-01,1936-07-01,3,0.7692,debil,fuerte
M13,1937-06-01,1937-12-01,1937-09-01,7,1.3626,moderado,fuerte
M13,1938-03-01,1938-09-01,1938-07-01,7,1.4009,moderado,extremo
M13,1940-09-01,1940-11-01,1940-10-01,3,0.7771,debil,fuerte
M13,1943-06-01,1943-12-01,1943-09-01,7,1.6258,moderado,extremo
M13,1944-03-01,1944-07-01,1944-04-01,5,0.6419,debil,moderado
M13,1947-04-01,1947-11-01,1947-07-01,8,1.1878,debil,fuerte
M13,1955-04-01,1955-07-01,1955-06-01,4,1.8939,moderado,extremo
M13,1962-04-01,1962-09-01,1962-06-01,6,0.8615,debil,fuerte
M13,1966-04-01,1967-08-01,1967-06-01,17,1.4797,moderado,extremo
M13,1968-07-01,1969-08-01,1969-06-01,14,2.1148,moderado,extremo
M13,1970-09-01,1971-01-01,1970-10-01,5,0.5523,debil,moderado
M13,1975-07-01,1975-10-01,1975-08-01,4,1.1373,debil,fuerte
M13,1977-07-01,1977-09-01,1977-08-01,3,0.9295,debil,fuerte
M13,1980-04-01,1980-11-01,1980-07-01,8,1.6227,moderado,extremo
M13,1983-09-01,1983-12-01,1983-10-01,4,0.8776,debil,fuerte
M13,1984-03-01,1984-06-01,1984-05-01,4,0.8108,debil,fuerte
M13,1990-03-01,1990-05-01,1990-04-01,3,0.5686,debil,moderado
M13,1991-02-01,1991-10-01,1991-05-01,9,1.1242,debil,fuerte
M13,1992-04-01,1992-11-01,1992-06-01,8,1.3398,debil,fuerte
M13,1995-07-01,1995-09-01,1995-07-01,3,0.6409,debil,moderado
M13,1996-04-01,1996-08-01,1996-07-01,5,0.5078,debil,moderado
M13,1999-10-01,1999-12-01,1999-10-01,3,0.5818,debil,moderado
M13,2000-04-01,2000-08-01,2000-06-01,5,1.2495,debil,fuerte
M13,2002-07-01,2002-09-01,2002-08-01,3,0.5574,debil,moderado
M13,2003-06-01,2003-10-01,2003-08-01,5,0.9242,debil,fuerte
M13,2004-03-01,2004-06-01,2004-05-01,4,0.8838,debil,fuerte
M13,2006-10-01,2006-12-01,2006-11-01,3,0.6672,debil,moderado
M13,2007-11-01,2008-01-01,2007-12-01,3,0.7065,debil,fuerte
M13,2010-01-01,2011-01-01,2010-08-01,13,1.2167,debil,fuerte
M14,1911-08-01,1911-11-01,1911-10-01,4,0.7651,debil,fuerte
M14,1923-06-01,1924-01-01,1923-09-01,8,1.2843,debil,fuerte
M14,1928-05-01,1928-11-01,1928-09-01,7,1.2190,debil,fuerte
M14,1943-07-01,1943-11-01,1943-09-01,5,0.9728,debil,fuerte
M14,1948-05-01,1949-05-01,1948-08-01,13,1.5031,moderado,extremo
M14,1951-05-01,1951-11-01,1951-10-01,7,0.7275,debil,moderado
M14,1960-05-01,1960-07-01,1960-06-01,3,0.6900,debil,moderado
M14,1965-10-01,1966-05-01,1965-12-01,8,0.6080,debil,moderado
M14,1973-05-01,1974-05-01,1973-10-01,13,0.9642,debil,fuerte
M14,1980-05-01,1980-10-01,1980-07-01,6,1.7298,moderado,extremo
M14,1981-09-01,1982-01-01,1981-10-01,5,0.9442,debil,fuerte
M14,1987-06-01,1987-08-01,1987-07-01,3,0.7957,debil,fuerte
M14,1988-07-01,1988-09-01,1988-08-01,3,0.6188,debil,moderado
M14,1997-03-01,1997-10-01,1997-08-01,8,1.2180,debil,fuerte
M14,2002-08-01,2002-11-01,2002-09-01,4,0.5448,debil,moderado
M14,2004-05-01,2004-11-01,2004-07-01,7,1.7063,moderado,extremo
M14,2007-04-01,2007-08-01,2007-06-01,5,1.2981,debil,fuerte
M14,2008-11-01,2011-05-01,2010-06-01,31,2.8212,fuerte,extremo
M14,2012-10-01,2014-09-01,2013-07-01,24,1.8709,moderado,extremo
M15,1911-09-01,1911-12-01,1911-10-01,4,0.6615,debil,fuerte
M15,1937-05-01,1937-07-01,1937-06-01,3,1.1219,debil,fuerte
M15,1951-06-01,1951-10-01,1951-08-01,5,1.2258,debil,fuerte
M15,1952-03-01,1952-05-01,1952-05-01,3,0.5942,debil,moderado
M15,1975-05-01,1975-07-01,1975-06-01,3,0.8947,debil,fuerte
M15,1980-03-01,1980-07-01,1980-06-01,5,1.3044,debil,extremo
M15,1988-09-01,1989-02-01,1989-01-01,6,0.6723,debil,fuerte
M15,1990-08-01,1990-10-01,1990-09-01,3,0.6245,debil,moderado
M15,1991-01-01,1991-07-01,1991-06-01,7,0.9458,debil,fuerte
M15,1995-06-01,1995-12-01,1995-09-01,7,0.8185,debil,fuerte
M15,2000-12-01,2001-12-01,2001-06-01,13,1.9658,moderado,extremo
M15,2003-05-01,2003-09-01,2003-07-01,5,0.6567,debil,fuerte
M15,2005-07-01,2005-09-01,2005-08-01,3,0.5324,debil,moderado
M15,2006-03-01,2006-11-01,2006-07-01,9,0.7506,debil,fuerte
M15,2009-06-01,2009-12-01,2009-07-01,7,0.9244,debil,fuerte
M15,2010-03-01,2010-10-01,2010-06-01,8,1.5708,moderado,extremo
M15,2011-01-01,2011-08-01,2011-06-01,8,1.3758,moderado,extremo
M15,2013-05-01,2014-01-01,2013-07-01,9,1.0076,debil,fuerte
M15,2014-04-01,2014-10-01,2014-07-01,7,1.4283,moderado,extremo
M16,1901-05-01,1901-07-01,1901-06-01,3,0.8281,debil,fuerte
M16,1903-06-01,1903-10-01,1903-08-01,5,0.8511,debil,fuerte
M16,1914-06-01,1914-08-01,1914-07-01,3,0.7727,debil,fuerte
M16,1942-06-01,1942-08-01,1942-07-01,3,0.7994,debil,fuerte
M16,1947-06-01,1947-08-01,1947-07-01,3,0.8549,debil,fuerte
M16,1961-05-01,1961-10-01,1961-07-01,6,1.6098,moderado,extremo
M16,1974-01-01,1974-07-01,1974-05-01,7,0.7731,debil,fuerte
M16,1984-12-01,1985-07-01,1985-05-01,8,0.8615,debil,fuerte
M16,1989-03-01,1990-04-01,1989-06-01,14,1.7671,moderado,extremo
M16,1996-02-01,1996-11-01,1996-06-01,10,1.7825,moderado,extremo
M16,2000-07-01,2002-06-01,2001-01-01,24,1.1078,debil,fuerte
M16,2002-10-01,2002-12-01,2002-11-01,3,0.4964,debil,moderado
M16,2006-07-01,2006-10-01,2006-09-01,4,0.6349,debil,moderado
M16,2007-06-01,2008-07-01,2007-09-01,14,1.3674,moderado,fuerte
M16,2011-06-01,2012-06-01,2012-04-01,13,0.7437,debil,fuerte
M16,2014-04-01,2014-11-01,2014-07-01,8,2.2763,fuerte,extremo
M17,1907-04-01,1907-06-01,1907-05-01,3,0.6873,debil,moderado
M17,1919-06-01,1920-02-01,1919-08-01,9,1.6492,moderado,extremo
M17,1928-10-01,1929-01-01,1928-11-01,4,0.8568,debil,fuerte
M17,1944-08-01,1944-10-01,1944-09-01,3,0.6628,debil,moderado
M17,1947-06-01,1947-08-01,1947-07-01,3,0.8809,debil,fuerte
M17,1953-04-01,1954-06-01,1953-12-01,15,1.4101,moderado,fuerte
M17,1957-04-01,1958-01-01,1957-06-01,10,1.3252,debil,fuerte
M17,1964-11-01,1965-01-01,1964-12-01,3,0.7147,debil,moderado
M17,1973-08-01,1974-02-01,1973-11-01,7,1.6792,moderado,extremo
M17,1976-10-01,1977-12-01,1977-06-01,15,1.8814,moderado,extremo
M17,1986-08-01,1987-08-01,1987-05-01,13,1.2731,debil,fuerte
M17,1989-08-01,1990-09-01,1989-11-01,14,1.3905,moderado,fuerte
M17,1990-12-01,1991-03-01,1991-02-01,4,0.6004,debil,moderado
M17,1992-08-01,1993-07-01,1992-12-01,12,1.2992,debil,fuerte
M17,1997-06-01,1998-01-01,1997-06-01,8,0.5603,debil,moderado
M17,1998-05-01,1998-08-01,1998-07-01,4,0.6871,debil,moderado
M17,2001-06-01,2001-08-01,2001-06-01,3,0.7147,debil,moderado
M17,2001-10-01,2002-02-01,2001-12-01,5,0.8824,debil,fuerte
M17,2007-10-01,2008-05-01,2007-12-01,8,1.0348,debil,fuerte
M17,2009-05-01,2009-07-01,2009-07-01,3,0.5045,debil,moderado
M17,2009-11-01,2010-02-01,2009-12-01,4,0.5958,debil,moderado
M17,2011-04-01,2013-01-01,2011-07-01,22,1.6432,moderado,extremo
M17,2014-07-01,2014-11-01,2014-11-01,5,1.5512,moderado,extremo
M18,1905-08-01,1905-10-01,1905-09-01,3,0.5968,debil,moderado
M18,1912-04-01,1912-11-01,1912-08-01,8,1.3542,moderado,fuerte
M18,1925-05-01,1925-11-01,1925-07-01,7,1.9954,moderado,extremo
M18,1926-04-01,1926-07-01,1926-05-01,4,0.8919,debil,fuerte
M18,1940-04-01,1940-10-01,1940-06-01,7,2.1896,fuerte,extremo
M18,1942-06-01,1943-02-01,1942-12-01,9,1.3170,debil,fuerte
M18,1943-04-01,1943-06-01,1943-05-01,3,0.6716,debil,moderado
M18,1948-10-01,1948-12-01,1948-11-01,3,0.7041,debil,moderado
M18,1957-10-01,1958-01-01,1957-11-01,4,0.6941,debil,moderado
M18,1969-08-01,1969-11-01,1969-09-01,4,0.6817,debil,moderado
M18,1972-09-01,1972-11-01,1972-10-01,3,0.8108,debil,fuerte
M18,1976-09-01,1977-05-01,1976-11-01,9,0.8633,debil,fuerte
M18,1980-07-01,1981-09-01,1980-11-01,15,1.2082,debil,fuerte
M18,1983-09-01,1984-02-01,1983-12-01,6,1.0828,debil,fuerte
M18,1990-05-01,1991-09-01,1991-06-01,17,2.8537,fuerte,extremo
M18,1995-11-01,1996-01-01,1995-12-01,3,0.6756,debil,moderado
M18,1996-11-01,1997-02-01,1996-12-01,4,1.0629,debil,fuerte
M18,1997-05-01,1998-06-01,1997-11-01,14,1.6984,moderado,extremo
M18,2000-10-01,2001-07-01,2001-01-01,10,1.1371,debil,fuerte
M18,2001-11-01,2002-03-01,2001-12-01,5,0.8197,debil,fuerte
M18,2002-10-01,2003-10-01,2003-06-01,13,1.9202,moderado,extremo
M18,2006-01-01,2006-04-01,2006-01-01,4,0.6033,debil,moderado
M18,2006-06-01,2006-09-01,2006-08-01,4,0.6740,debil,moderado
M18,2010-09-01,2011-03-01,2010-11-01,7,0.9796,debil,fuerte
M18,2011-07-01,2012-06-01,2011-12-01,12,1.2900,debil,fuerte
M18,2013-11-01,2014-07-01,2013-12-01,9,0.7801,debil,moderado
M19,1902-10-01,1903-01-01,1902-11-01,4,1.3449,debil,fuerte
M19,1926-11-01,1927-02-01,1926-12-01,4,0.9180,debil,fuerte
M19,1927-04-01,1927-06-01,1927-06-01,3,0.7116,debil,moderado
M19,1931-06-01,1932-01-01,1931-10-01,8,1.2332,debil,fuerte
M19,1936-07-01,1937-08-01,1937-06-01,14,2.1395,moderado,extremo
M19,1940-09-01,1940-12-01,1940-10-01,4,0.8690,debil,fuerte
M19,1943-09-01,1944-06-01,1943-11-01,10,1.9978,moderado,extremo
M19,1945-05-01,1945-07-01,1945-06-01,3,0.6714,debil,moderado
M19,1948-09-01,1948-12-01,1948-11-01,4,0.9409,debil,fuerte
M19,1954-08-01,1955-06-01,1954-10-01,11,0.9937,debil,fuerte
M19,1957-09-01,1957-12-01,1957-11-01,4,1.1357,debil,fuerte
M19,1976-11-01,1977-07-01,1977-06-01,9,1.2632,debil,fuerte
M19,1981-08-01,1982-08-01,1982-06-01,13,2.1475,moderado,extremo
M19,1984-09-01,1984-12-01,1984-10-01,4,1.1520,debil,fuerte
M19,1985-09-01,1986-02-01,1985-11-01,6,1.1114,debil,fuerte
M19,1990-11-01,1991-02-01,1990-12-01,4,1.0189,debil,fuerte
M19,1993-06-01,1994-10-01,1994-07-01,17,4.0887,extraordinario,extremo
M19,1999-05-01,2000-08-01,2000-06-01,16,2.1287,moderado,extremo
M19,2003-01-01,2003-06-01,2003-04-01,6,0.6707,debil,moderado
M19,2003-11-01,2004-06-01,2004-06-01,8,0.7002,debil,moderado
M19,2006-06-01,2007-07-01,2006-12-01,14,1.8356,moderado,extremo
M19,2010-04-01,2010-07-01,2010-06-01,4,0.7863,debil,fuerte
M19,2011-10-01,2012-04-01,2011-11-01,7,0.6005,debil,moderado
M20,1900-06-01,1901-10-01,1901-06-01,17,2.5333,fuerte,extremo
M20,1909-04-01,1910-02-01,1909-09-01,11,1.4602,moderado,fuerte
M20,1918-06-01,1919-02-01,1918-12-01,9,1.3551,moderado,fuerte
M20,1922-11-01,1923-01-01,1922-12-01,3,0.5544,debil,moderado
M20,1925-05-01,1926-02-01,1925-09-01,10,3.4122,fuerte,extremo
M20,1928-06-01,1929-05-01,1929-02-01,12,1.6225,moderado,fuerte
M20,1932-10-01,1933-01-01,1932-11-01,4,0.6106,debil,moderado
M20,1935-12-01,1937-01-01,1936-07-01,14,1.0296,debil,moderado
M20,1939-06-01,1940-05-01,1940-01-01,12,3.6330,extraordinario,extremo
M20,1942-08-01,1943-07-01,1943-02-01,12,2.2987,fuerte,fuerte
M20,1945-11-01,1946-01-01,1945-11-01,3,0.5799,debil,moderado
M20,1946-03-01,1947-04-01,1947-01-01,14,1.6638,moderado,fuerte
M20,1949-06-01,1950-03-01,1949-12-01,10,1.3643,moderado,fuerte
M20,1952-05-01,1952-10-01,1952-08-01,6,0.8947,debil,moderado
M20,1952-12-01,1953-03-01,1953-02-01,4,0.7407,debil,moderado
M20,1955-05-01,1956-04-01,1956-01-01,12,1.1780,debil,moderado
M20,1958-06-01,1958-08-01,1958-07-01,3,0.8096,debil,moderado
M20,1961-05-01,1962-06-01,1962-01-01,14,1.9566,moderado,fuerte
M20,1964-06-01,1965-05-01,1965-01-01,12,2.3916,fuerte,extremo
M20,1967-09-01,1968-01-01,1967-12-01,5,0.6190,debil,moderado
M20,1970-05-01,1970-08-01,1970-07-01,4,1.0675,debil,moderado
M20,1970-12-01,1971-02-01,1971-01-01,3,0.8168,debil,moderado
M20,1973-06-01,1974-08-01,1973-09-01,15,1.4173,moderado,fuerte
M20,1977-03-01,1977-07-01,1977-06-01,5,1.2986,debil,fuerte
M20,1980-01-01,1981-01-01,1980-07-01,13,2.9619,fuerte,extremo
M20,1983-07-01,1984-03-01,1983-11-01,9,1.1265,debil,moderado
M20,1986-04-01,1986-08-01,1986-06-01,5,1.0181,debil,moderado
M20,1989-06-01,1990-06-01,1989-12-01,13,3.4569,fuerte,extremo
M20,1992-06-01,1993-08-01,1992-07-01,15,1.1062,debil,moderado
M20,1993-12-01,1994-04-01,1994-03-01,5,0.6824,debil,moderado
M20,1998-12-01,1999-04-01,1999-02-01,5,0.9667,debil,moderado
M20,2001-06-01,2002-04-01,2002-01-01,11,1.9224,moderado,fuerte
M20,2004-04-01,2005-06-01,2005-03-01,15,2.4082,fuerte,extremo
M20,2007-04-01,2008-07-01,2007-10-01,16,3.3523,fuerte,extremo
M20,2010-06-01,2011-08-01,2011-05-01,15,1.8936,moderado,fuerte
M20,2013-05-01,2014-04-01,2013-09-01,12,2.5832,fuerte,extremo
M21,1915-01-01,1915-03-01,1915-02-01,3,0.5519,debil,moderado
M21,1930-08-01,1931-02-01,1930-12-01,7,0.9331,debil,fuerte
M21,1935-09-01,1936-03-01,1936-01-01,7,0.8540,debil,fuerte
M21,1941-08-01,1941-11-01,1941-10-01,4,0.5607,debil,moderado
M21,1943-09-01,1944-02-01,1943-12-01,6,0.5844,debil,moderado
M21,1949-12-01,1950-03-01,1950-01-01,4,0.7161,debil,moderado
M21,1953-08-01,1954-04-01,1954-01-01,9,0.9868,debil,fuerte
M21,1956-07-01,1956-09-01,1956-08-01,3,0.6369,debil,moderado
M21,1956-12-01,1957-03-01,1957-02-01,4,0.7337,debil,moderado
M21,1958-07-01,1959-03-01,1958-09-01,9,0.7075,debil,moderado
M21,1965-05-01,1966-04-01,1965-11-01,12,1.8551,moderado,extremo
M21,1968-08-01,1969-03-01,1969-01-01,8,0.9213,debil,fuerte
M21,1971-07-01,1972-03-01,1971-08-01,9,0.7392,debil,moderado
M21,1984-10-01,1985-04-01,1985-01-01,7,1.1359,debil,fuerte
M21,1987-05-01,1988-05-01,1987-12-01,13,1.9178,moderado,extremo
M21,1990-07-01,1991-04-01,1990-12-01,10,1.3054,debil,fuerte
M21,1993-12-01,1994-03-01,1994-01-01,4,0.5498,debil,moderado
M21,1996-07-01,1997-06-01,1996-11-01,12,1.6165,moderado,extremo
M21,1999-07-01,2000-06-01,1999-09-01,12,0.9583,debil,fuerte
M21,2003-05-01,2005-04-01,2004-01-01,24,1.0630,debil,fuerte
M21,2006-06-01,2007-02-01,2006-12-01,9,0.9585,debil,fuerte
M21,2008-08-01,2009-05-01,2009-01-01,10,1.5940,moderado,extremo
M21,2011-07-01,2012-06-01,2012-01-01,12,1.6801,moderado,extremo
M21,2013-08-01,2014-07-01,2014-02-01,12,1.0695,debil,fuerte
M22,1903-06-01,1903-09-01,1903-07-01,4,0.7506,debil,fuerte
M22,1904-07-01,1904-09-01,1904-08-01,3,1.0021,debil,fuerte
M22,1906-05-01,1906-09-01,1906-06-01,5,1.4465,moderado,fuerte
M22,1909-07-01,1909-10-01,1909-08-01,4,0.9484,debil,fuerte
M22,1910-05-01,1911-01-01,1910-11-01,9,1.0479,debil,fuerte
M22,1914-05-01,1915-01-01,1914-07-01,9,1.2820,debil,fuerte
M22,1918-06-01,1918-10-01,1918-09-01,5,0.8840,debil,fuerte
M22,1919-06-01,1920-01-01,1919-12-01,8,0.8095,debil,fuerte
M22,1922-06-01,1922-11-01,1922-08-01,6,1.1054,debil,fuerte
M22,1927-04-01,1928-01-01,1927-07-01,10,1.9445,moderado,extremo
M22,1931-04-01,1931-11-01,1931-07-01,8,1.6226,moderado,extremo
M22,1932-05-01,1932-11-01,1932-10-01,7,0.9472,debil,fuerte
M22,1939-05-01,1939-11-01,1939-08-01,7,1.0044,debil,fuerte
M22,1940-01-01,1940-05-01,1940-03-01,5,0.6408,debil,moderado
M22,1942-06-01,1942-09-01,1942-07-01,4,0.9992,debil,fuerte
M22,1943-06-01,1943-11-01,1943-09-01,6,0.8297,debil,fuerte
M22,1946-05-01,1946-09-01,1946-07-01,5,1.3086,debil,fuerte
M22,1949-04-01,1949-08-01,1949-06-01,5,1.0172,debil,fuerte
M22,1952-04-01,1952-10-01,1952-07-01,7,1.1745,debil,fuerte
M22,1954-05-01,1954-07-01,1954-06-01,3,0.8224,debil,fuerte
M22,1958-06-01,1959-03-01,1958-09-01,10,1.3134,debil,fuerte
M22,1962-06-01,1962-12-01,1962-07-01,7,0.8921,debil,fuerte
M22,1965-06-01,1965-11-01,1965-07-01,6,0.7150,debil,moderado
M22,1971-07-01,1971-09-01,1971-08-01,3,0.8037,debil,fuerte
M22,1976-06-01,1976-09-01,1976-07-01,4,1.3245,debil,fuerte
M22,1981-04-01,1982-06-01,1981-10-01,15,1.6673,moderado,extremo
M22,1985-06-01,1985-09-01,1985-07-01,4,0.8520,debil,fuerte
M22,1989-05-01,1990-03-01,1989-09-01,11,1.4356,moderado,fuerte
M22,1990-08-01,1991-04-01,1990-10-01,9,0.7146,debil,moderado
M22,1999-12-01,2000-03-01,2000-01-01,4,0.5153,debil,moderado
M22,2000-10-01,2002-05-01,2001-05-01,20,1.3946,moderado,fuerte
M22,2003-06-01,2003-08-01,2003-07-01,3,0.5699,debil,moderado
M22,2004-08-01,2005-02-01,2004-10-01,7,0.8921,debil,fuerte
M22,2008-06-01,2008-12-01,2008-11-01,7,0.9833,debil,fuerte
M22,2009-07-01,2009-12-01,2009-09-01,6,1.6618,moderado,extremo
M22,2011-07-01,2011-09-01,2011-07-01,3,0.6608,debil,moderado
M22,2012-03-01,2013-03-01,2012-09-01,13,2.0607,moderado,extremo
M23,1902-06-01,1903-06-01,1902-12-01,13,1.3140,debil,fuerte
M23,1904-11-01,1905-08-01,1905-06-01,10,1.5881,moderado,fuerte
M23,1909-01-01,1909-11-01,1909-06-01,11,2.1191,moderado,fuerte
M23,1910-01-01,1910-08-01,1910-06-01,8,1.7878,moderado,fuerte
M23,1913-12-01,1914-07-01,1914-05-01,8,1.1292,debil,moderado
M23,1918-01-01,1918-08-01,1918-04-01,8,1.3407,debil,fuerte
M23,1921-04-01,1921-08-01,1921-06-01,5,0.8769,debil,moderado
M23,1922-10-01,1923-06-01,1923-03-01,9,1.0714,debil,moderado
M23,1926-04-01,1927-04-01,1926-07-01,13,2.4202,fuerte,extremo
M23,1931-04-01,1932-09-01,1931-11-01,18,2.4644,fuerte,extremo
M23,1935-06-01,1936-08-01,1935-12-01,15,1.9930,moderado,fuerte
M23,1939-04-01,1940-05-01,1939-08-01,14,2.2485,fuerte,fuerte
M23,1942-11-01,1944-06-01,1943-06-01,20,2.5642,fuerte,extremo
M23,1947-09-01,1948-09-01,1948-06-01,13,1.2868,debil,fuerte
M23,1952-04-01,1953-06-01,1952-07-01,15,2.1408,moderado,fuerte
M23,1956-09-01,1957-08-01,1957-04-01,12,1.2822,debil,fuerte
M23,1960-05-01,1961-11-01,1960-11-01,19,3.1371,fuerte,extremo
M23,1964-12-01,1966-05-01,1965-08-01,18,1.6981,moderado,fuerte
M23,1969-09-01,1970-08-01,1970-06-01,12,1.9097,moderado,fuerte
M23,1972-07-01,1972-11-01,1972-08-01,5,0.8912,debil,moderado
M23,1973-02-01,1973-11-01,1973-08-01,10,1.0500,debil,moderado
M23,1974-02-01,1974-10-01,1974-06-01,9,1.6227,moderado,fuerte
M23,1978-10-01,1979-09-01,1979-05-01,12,1.8942,moderado,fuerte
M23,1983-02-01,1984-08-01,1983-11-01,19,2.1764,fuerte,fuerte
M23,1987-12-01,1988-07-01,1988-04-01,8,1.3433,debil,fuerte
M23,1989-02-01,1989-09-01,1989-06-01,8,2.0251,moderado,fuerte
M23,1993-05-01,1994-09-01,1994-06-01,17,2.5819,fuerte,extremo
M23,1998-05-01,1999-06-01,1998-07-01,14,1.4722,moderado,fuerte
M23,2002-09-01,2002-12-01,2002-10-01,4,0.6477,debil,moderado
M23,2006-07-01,2008-01-01,2007-01-01,19,1.8688,moderado,fuerte
M23,2008-03-01,2009-10-01,2009-07-01,20,1.8338,moderado,fuerte
M23,2011-10-01,2013-06-01,2012-07-01,21,2.2812,fuerte,extremo
M24,1903-07-01,1904-05-01,1903-10-01,11,0.9531,debil,fuerte
M24,1908-08-01,1908-10-01,1908-08-01,3,0.5319,debil,moderado
M24,1909-06-01,1909-09-01,1909-08-01,4,0.7284,debil,fuerte
M24,1914-01-01,1914-03-01,1914-03-01,3,0.5454,debil,moderado
M24,1928-12-01,1929-07-01,1929-05-01,8,0.9095,debil,fuerte
M24,1934-02-01,1934-08-01,1934-06-01,7,1.4243,moderado,extremo
M24,1953-06-01,1953-10-01,1953-08-01,5,1.0998,debil,fuerte
M24,1958-05-01,1959-09-01,1959-06-01,17,1.7776,moderado,extremo
M24,1981-11-01,1982-10-01,1982-06-01,12,1.8468,moderado,extremo
M24,1997-02-01,1998-06-01,1997-08-01,17,1.6842,moderado,extremo
M24,2001-06-01,2001-08-01,2001-07-01,3,0.7555,debil,fuerte
M24,2005-06-01,2007-01-01,2006-06-01,20,2.1811,fuerte,extremo
M24,2009-09-01,2011-11-01,2010-09-01,27,2.1684,fuerte,extremo
M25,1904-11-01,1906-07-01,1906-04-01,21,1.5479,moderado,fuerte
M25,1912-05-01,1913-09-01,1913-05-01,17,1.5673,moderado,fuerte
M25,1915-12-01,1916-02-01,1915-12-01,3,0.6153,debil,moderado
M25,1918-11-01,1920-09-01,1919-11-01,23,4.2292,extraordinario,extremo
M25,1923-06-01,1925-11-01,1924-08-01,30,2.2302,fuerte,extremo
M25,1931-07-01,1932-05-01,1931-11-01,11,0.9896,debil,fuerte
M25,1934-06-01,1935-09-01,1935-06-01,16,1.5447,moderado,fuerte
M25,1938-06-01,1939-05-01,1938-12-01,12,1.6350,moderado,fuerte
M25,1939-09-01,1939-11-01,1939-10-01,3,0.7952,debil,moderado
M25,1943-01-01,1943-03-01,1943-02-01,3,0.6542,debil,moderado
M25,1944-02-01,1944-04-01,1944-03-01,3,0.4953,debil,moderado
M25,1948-05-01,1948-07-01,1948-06-01,3,0.5603,debil,moderado
M25,1952-12-01,1954-08-01,1954-04-01,21,1.4602,moderado,fuerte
M25,1957-10-01,1959-02-01,1958-01-01,17,1.4436,moderado,fuerte
M25,1959-07-01,1959-10-01,1959-08-01,4,0.5684,debil,moderado
M25,1964-03-01,1964-12-01,1964-07-01,10,2.4484,fuerte,extremo
M25,1968-06-01,1969-02-01,1968-09-01,9,0.8380,debil,moderado
M25,1972-05-01,1973-09-01,1973-06-01,17,2.2687,fuerte,extremo
M25,1977-12-01,1979-10-01,1979-05-01,23,2.1068,moderado,extremo
M25,1985-02-01,1985-04-01,1985-03-01,3,0.4758,debil,moderado
M25,1985-08-01,1987-02-01,1986-08-01,19,1.7444,moderado,extremo
M25,1989-03-01,1990-02-01,1989-05-01,12,1.1152,debil,fuerte
M25,1990-07-01,1991-06-01,1991-02-01,12,1.1883,debil,fuerte
M25,1995-06-01,1996-06-01,1996-01-01,13,1.5017,moderado,fuerte
M25,2000-06-01,2001-04-01,2000-12-01,11,1.3392,debil,fuerte
M25,2001-07-01,2001-09-01,2001-07-01,3,0.5074,debil,moderado
M25,2005-08-01,2006-02-01,2005-12-01,7,0.6524,debil,moderado
M25,2008-11-01,2009-02-01,2008-12-01,4,0.5196,debil,moderado
M25,2009-04-01,2010-02-01,2009-10-01,11,1.3992,moderado,fuerte
M25,2014-01-01,2014-11-01,2014-05-01,11,1.5191,moderado,fuerte
M26,1902-03-01,1902-12-01,1902-10-01,10,2.3598,fuerte,extremo
M26,1905-06-01,1905-09-01,1905-08-01,4,1.1769,debil,fuerte
M26,1909-11-01,1910-02-01,1910-01-01,4,0.6973,debil,moderado
M26,1913-06-01,1913-11-01,1913-09-01,6,2.3253,fuerte,extremo
M26,1916-11-01,1917-01-01,1916-12-01,3,0.6937,debil,moderado
M26,1918-02-01,1918-08-01,1918-06-01,7,0.9617,debil,moderado
M26,1919-10-01,1920-09-01,1919-12-01,12,1.3631,moderado,fuerte
M26,1928-04-01,1928-10-01,1928-08-01,7,1.7139,moderado,fuerte
M26,1931-07-01,1932-04-01,1931-12-01,10,2.3084,fuerte,extremo
M26,1937-06-01,1937-08-01,1937-07-01,3,0.5506,debil,moderado
M26,1939-06-01,1939-08-01,1939-08-01,3,0.5444,debil,moderado
M26,1940-11-01,1941-08-01,1941-06-01,10,1.3310,debil,fuerte
M26,1943-06-01,1943-08-01,1943-08-01,3,0.7457,debil,moderado
M26,1944-11-01,1945-02-01,1944-12-01,4,0.6117,debil,moderado
M26,1945-07-01,1945-12-01,1945-09-01,6,1.4033,moderado,fuerte
M26,1948-04-01,1949-01-01,1948-09-01,10,2.2074,fuerte,extremo
M26,1949-07-01,1949-12-01,1949-10-01,6,2.8545,fuerte,extremo
M26,1953-03-01,1953-07-01,1953-06-01,5,0.6797,debil,moderado
M26,1954-05-01,1955-06-01,1954-08-01,14,2.1928,fuerte,extremo
M26,1957-05-01,1958-11-01,1957-12-01,19,2.5774,fuerte,extremo
M26,1960-06-01,1960-12-01,1960-08-01,7,1.2936,debil,fuerte
M26,1962-12-01,1963-08-01,1963-07-01,9,1.1307,debil,fuerte
M26,1965-07-01,1965-10-01,1965-08-01,4,1.4899,moderado,fuerte
M26,1970-02-01,1970-05-01,1970-03-01,4,0.6290,debil,moderado
M26,1972-05-01,1972-12-01,1972-09-01,8,2.1226,moderado,extremo
M26,1976-01-01,1976-04-01,1976-02-01,4,0.5520,debil,moderado
M26,1978-10-01,1979-04-01,1978-12-01,7,1.4280,moderado,fuerte
M26,1979-06-01,1979-09-01,1979-08-01,4,1.1052,debil,fuerte
M26,1981-12-01,1982-09-01,1982-07-01,10,1.0067,debil,moderado
M26,1986-09-01,1988-03-01,1987-11-01,19,2.6386,fuerte,extremo
M26,1990-06-01,1990-08-01,1990-06-01,3,0.5169,debil,moderado
M26,1990-12-01,1991-11-01,1991-09-01,12,2.0308,moderado,extremo
M26,1992-06-01,1992-12-01,1992-08-01,7,1.1056,debil,fuerte
M26,1996-06-01,1996-08-01,1996-07-01,3,0.5973,debil,moderado
M26,1997-08-01,1997-10-01,1997-09-01,3,0.8241,debil,moderado
M26,1999-11-01,2000-03-01,2000-01-01,5,0.9812,debil,moderado
M26,2003-02-01,2003-10-01,2003-06-01,9,1.9314,moderado,fuerte
M26,2004-04-01,2004-10-01,2004-08-01,7,1.7227,moderado,fuerte
M26,2004-12-01,2005-07-01,2005-02-01,8,1.2476,debil,fuerte
M26,2006-11-01,2007-09-01,2007-06-01,11,1.6818,moderado,fuerte
M26,2011-10-01,2012-03-01,2011-12-01,6,1.2143,debil,fuerte
M26,2013-10-01,2014-09-01,2014-04-01,12,1.3460,debil,fuerte
M27,1915-06-01,1915-08-01,1915-08-01,3,0.5004,debil,fuerte
M27,1960-07-01,1960-09-01,1960-08-01,3,0.6974,debil,fuerte
M27,1966-10-01,1967-06-01,1966-12-01,9,0.6754,debil,fuerte
M27,1968-06-01,1968-08-01,1968-07-01,3,0.8818,debil,extremo
M27,1990-04-01,1990-10-01,1990-06-01,7,1.1219,debil,extremo
M27,1995-05-01,1995-07-01,1995-06-01,3,0.7090,debil,fuerte
M27,2000-12-01,2001-02-01,2001-02-01,3,0.4641,debil,fuerte
M27,2003-05-01,2003-08-01,2003-07-01,4,0.7887,debil,fuerte
M27,2004-09-01,2004-12-01,2004-09-01,4,0.8838,debil,extremo
M27,2007-05-01,2007-07-01,2007-06-01,3,0.6573,debil,fuerte
M27,2008-03-01,2008-07-01,2008-05-01,5,0.9403,debil,extremo
M27,2009-04-01,2010-03-01,2009-05-01,12,1.2379,debil,extremo
M27,2010-08-01,2010-11-01,2010-10-01,4,0.6455,debil,fuerte
M27,2012-12-01,2013-05-01,2013-04-01,6,0.6385,debil,fuerte
M27,2013-10-01,2014-01-01,2013-10-01,4,0.4846,debil,fuerte
M28,1928-11-01,1929-03-01,1929-01-01,5,0.5787,debil,fuerte
M28,1941-06-01,1941-11-01,1941-08-01,6,0.8116,debil,fuerte
M28,1955-05-01,1955-08-01,1955-07-01,4,0.9403,debil,extremo
M28,1957-09-01,1957-12-01,1957-10-01,4,0.6262,debil,fuerte
M28,1968-05-01,1968-07-01,1968-07-01,3,0.5046,debil,fuerte
M28,1970-09-01,1970-11-01,1970-10-01,3,0.5248,debil,fuerte
M28,1990-11-01,1991-09-01,1991-07-01,11,1.4685,moderado,extremo
M28,1996-05-01,1996-08-01,1996-06-01,4,0.6485,debil,fuerte
M28,1996-12-01,1997-03-01,1997-03-01,4,0.4598,debil,fuerte
M28,2003-05-01,2003-07-01,2003-07-01,3,0.5740,debil,fuerte
M28,2003-11-01,2004-04-01,2004-02-01,6,0.8114,debil,fuerte
M28,2005-09-01,2005-12-01,2005-11-01,4,0.5034,debil,fuerte
M28,2006-05-01,2006-09-01,2006-07-01,5,1.2951,debil,extremo
M28,2006-11-01,2007-02-01,2006-12-01,4,0.5577,debil,fuerte
M28,2009-02-01,2009-07-01,2009-06-01,6,0.6393,debil,fuerte
M28,2014-03-01,2014-05-01,2014-05-01,3,0.4626,debil,fuerte
M29,1920-03-01,1920-06-01,1920-04-01,4,0.7877,debil,moderado
M29,1926-02-01,1926-06-01,1926-04-01,5,1.3176,debil,fuerte
M29,1928-10-01,1929-09-01,1929-05-01,12,1.1279,debil,fuerte
M29,1932-03-01,1932-06-01,1932-04-01,4,0.7362,debil,moderado
M29,1937-05-01,1937-07-01,1937-06-01,3,0.5757,debil,moderado
M29,1941-05-01,1942-07-01,1941-12-01,15,1.3434,debil,fuerte
M29,1945-04-01,1945-07-01,1945-05-01,4,1.0239,debil,fuerte
M29,1948-04-01,1948-06-01,1948-04-01,3,0.7737,debil,moderado
M29,1951-06-01,1951-11-01,1951-07-01,6,0.7114,debil,moderado
M29,1957-06-01,1957-12-01,1957-09-01,7,1.0357,debil,fuerte
M29,1961-08-01,1962-06-01,1961-11-01,11,1.2942,debil,fuerte
M29,1964-09-01,1964-12-01,1964-11-01,4,0.7267,debil,moderado
M29,1966-11-01,1967-01-01,1966-12-01,3,0.7684,debil,moderado
M29,1968-02-01,1968-11-01,1968-04-01,10,1.0223,debil,fuerte
M29,1971-04-01,1971-06-01,1971-04-01,3,0.4853,debil,moderado
M29,1972-12-01,1973-05-01,1973-03-01,6,1.2136,debil,fuerte
M29,1975-04-01,1975-09-01,1975-06-01,6,1.0798,debil,fuerte
M29,1979-11-01,1980-03-01,1980-02-01,5,0.9647,debil,fuerte
M29,1980-09-01,1981-01-01,1980-11-01,5,0.8892,debil,moderado
M29,1986-03-01,1986-11-01,1986-06-01,9,1.1127,debil,fuerte
M29,1987-02-01,1987-04-01,1987-03-01,3,0.6298,debil,moderado
M29,1988-01-01,1989-06-01,1988-12-01,18,2.3659,fuerte,extremo
M29,1991-04-01,1991-10-01,1991-06-01,7,0.8763,debil,moderado
M29,1994-01-01,1994-07-01,1994-03-01,7,1.0609,debil,fuerte
M29,1996-01-01,1996-12-01,1996-03-01,12,1.1179,debil,fuerte
M29,1998-03-01,1998-08-01,1998-04-01,6,0.8868,debil,moderado
M29,1999-06-01,2000-07-01,1999-07-01,14,0.9720,debil,fuerte
M29,2002-07-01,2002-09-01,2002-08-01,3,0.5648,debil,moderado
M29,2004-08-01,2006-02-01,2005-06-01,19,2.1818,fuerte,extremo
M29,2008-02-01,2008-05-01,2008-03-01,4,0.7943,debil,moderado
M29,2008-10-01,2010-06-01,2009-11-01,21,2.6375,fuerte,extremo
M29,2011-10-01,2013-01-01,2012-06-01,16,1.8474,moderado,fuerte
M30,1914-07-01,1914-09-01,1914-08-01,3,0.6773,debil,fuerte
M30,1931-07-01,1932-07-01,1932-06-01,13,0.6457,debil,fuerte
M30,1936-11-01,1937-01-01,1936-12-01,3,0.4894,debil,moderado
M30,1942-08-01,1942-10-01,1942-09-01,3,0.7060,debil,fuerte
M30,1949-10-01,1950-02-01,1949-11-01,5,0.7239,debil,fuerte
M30,1950-04-01,1950-07-01,1950-06-01,4,0.8263,debil,fuerte
M30,1954-03-01,1954-05-01,1954-04-01,3,0.5174,debil,moderado
M30,1958-05-01,1958-12-01,1958-07-01,8,1.0259,debil,fuerte
M30,1962-02-01,1962-06-01,1962-05-01,5,0.7163,debil,fuerte
M30,1964-04-01,1964-10-01,1964-07-01,7,1.0068,debil,fuerte
M30,1965-03-01,1965-08-01,1965-06-01,6,1.0308,debil,fuerte
M30,1983-09-01,1984-09-01,1984-07-01,13,1.5388,moderado,extremo
M30,1985-11-01,1986-05-01,1986-01-01,7,0.6515,debil,fuerte
M30,1987-07-01,1988-09-01,1988-07-01,15,1.9589,moderado,extremo
M30,1989-09-01,1990-01-01,1989-11-01,5,0.6286,debil,fuerte
M30,1994-05-01,1994-09-01,1994-07-01,5,1.0345,debil,fuerte
M30,2002-07-01,2003-05-01,2003-02-01,11,0.9349,debil,fuerte
M30,2004-03-01,2004-06-01,2004-05-01,4,0.5967,debil,fuerte
M30,2007-01-01,2007-09-01,2007-06-01,9,0.6441,debil,fuerte
M30,2009-11-01,2010-02-01,2010-01-01,4,0.5691,debil,moderado
M30,2011-02-01,2011-06-01,2011-04-01,5,0.6895,debil,fuerte
M30,2012-05-01,2012-11-01,2012-06-01,7,0.7108,debil,fuerte
M30,2013-04-01,2013-06-01,2013-05-01,3,0.5003,debil,moderado
M30,2014-08-01,2014-11-01,2014-11-01,4,0.6968,debil,fuerte
M31,1915-05-01,1915-08-01,1915-07-01,4,0.5992,debil,fuerte
M31,1931-07-01,1931-10-01,1931-09-01,4,0.6393,debil,fuerte
M31,1941-10-01,1941-12-01,1941-11-01,3,0.6473,debil,fuerte
M31,1952-07-01,1952-10-01,1952-09-01,4,0.8019,debil,fuerte
M31,1967-05-01,1967-09-01,1967-06-01,5,0.5292,debil,moderado
M31,1971-10-01,1972-02-01,1971-12-01,5,0.5055,debil,moderado
M31,1975-08-01,1975-11-01,1975-09-01,4,0.4666,debil,moderado
M31,1984-05-01,1984-09-01,1984-08-01,5,0.7425,debil,fuerte
M31,1987-06-01,1987-12-01,1987-08-01,7,0.6492,debil,fuerte
M31,1992-10-01,1993-01-01,1992-11-01,4,0.5703,debil,moderado
M31,1997-11-01,1998-01-01,1997-12-01,3,0.5661,debil,moderado
M31,1999-08-01,2000-02-01,1999-11-01,7,0.9800,debil,fuerte
M31,2003-04-01,2005-05-01,2003-06-01,26,1.1517,debil,extremo
M31,2008-06-01,2008-08-01,2008-07-01,3,0.5882,debil,fuerte
M31,2011-09-01,2012-03-01,2012-01-01,7,0.7055,debil,fuerte
M31,2012-07-01,2013-06-01,2013-04-01,12,0.9808,debil,fuerte
M31,2013-12-01,2014-10-01,2014-02-01,11,0.9115,debil,fuerte
M32,1901-06-01,1902-09-01,1901-11-01,16,2.3795,fuerte,fuerte
M32,1907-07-01,1907-10-01,1907-09-01,4,0.6560,debil,moderado
M32,1911-05-01,1912-07-01,1911-10-01,15,2.6621,fuerte,extremo
M32,1915-07-01,1915-10-01,1915-09-01,4,1.1709,debil,moderado
M32,1916-04-01,1917-01-01,1916-09-01,10,2.5399,fuerte,extremo
M32,1921-06-01,1922-01-01,1921-10-01,8,1.9394,moderado,fuerte
M32,1927-07-01,1927-09-01,1927-08-01,3,0.8155,debil,moderado
M32,1938-10-01,1938-12-01,1938-11-01,3,0.7106,debil,moderado
M32,1939-07-01,1939-11-01,1939-08-01,5,1.1893,debil,moderado
M32,1940-06-01,1940-11-01,1940-08-01,6,1.7118,moderado,fuerte
M32,1944-01-01,1945-12-01,1944-11-01,24,2.8876,fuerte,extremo
M32,1949-06-01,1950-10-01,1949-10-01,17,2.4188,fuerte,extremo
M32,1955-08-01,1955-10-01,1955-09-01,3,0.5884,debil,moderado
M32,1956-07-01,1957-02-01,1956-09-01,8,1.9406,moderado,fuerte
M32,1960-05-01,1961-08-01,1960-09-01,16,1.7933,moderado,fuerte
M32,1965-07-01,1966-02-01,1965-09-01,8,1.0839,debil,moderado
M32,1969-07-01,1970-09-01,1970-07-01,15,1.4613,moderado,fuerte
M32,1974-07-01,1974-12-01,1974-08-01,6,0.8920,debil,moderado
M32,1975-05-01,1976-02-01,1975-10-01,10,2.2102,fuerte,fuerte
M32,1979-09-01,1979-11-01,1979-10-01,3,0.7104,debil,moderado
M32,1980-06-01,1981-11-01,1980-11-01,18,3.4669,fuerte,extremo
M32,1985-05-01,1986-05-01,1985-11-01,13,2.6383,fuerte,extremo
M32,1990-04-01,1991-11-01,1990-12-01,20,2.7955,fuerte,extremo
M32,1995-04-01,1995-11-01,1995-08-01,8,1.5753,moderado,fuerte
M32,1996-07-01,1997-09-01,1996-10-01,15,2.0106,moderado,fuerte
M32,2000-06-01,2000-09-01,2000-08-01,4,1.0191,debil,moderado
M32,2001-05-01,2001-09-01,2001-08-01,5,1.2834,debil,fuerte
M32,2003-04-01,2005-07-01,2004-10-01,28,3.4384,fuerte,extremo
M32,2009-07-01,2011-01-01,2010-09-01,19,2.5056,fuerte,extremo
M32,2014-05-01,2014-11-01,2014-11-01,7,2.3427,fuerte,fuerte
M33,1908-05-01,1908-11-01,1908-08-01,7,1.4842,moderado,fuerte
M33,1917-05-01,1917-12-01,1917-08-01,8,1.5840,moderado,fuerte
M33,1937-04-01,1937-06-01,1937-05-01,3,0.5146,debil,moderado
M33,1943-09-01,1944-12-01,1944-06-01,16,1.5015,moderado,fuerte
M33,1957-06-01,1957-08-01,1957-06-01,3,0.6566,debil,moderado
M33,1962-05-01,1963-08-01,1962-08-01,16,2.4310,fuerte,extremo
M33,1967-06-01,1968-07-01,1968-05-01,14,1.1783,debil,fuerte
M33,1974-07-01,1975-04-01,1974-11-01,10,1.3392,debil,fuerte
M33,1977-09-01,1977-12-01,1977-09-01,4,0.6637,debil,moderado
M33,1982-04-01,1982-12-01,1982-10-01,9,0.9318,debil,fuerte
M33,1983-06-01,1984-03-01,1983-12-01,10,0.8370,debil,moderado
M33,1987-07-01,1987-10-01,1987-09-01,4,0.8523,debil,moderado
M33,1993-05-01,1994-08-01,1993-08-01,16,1.5994,moderado,fuerte
M33,2003-04-01,2004-09-01,2003-09-01,18,2.4549,fuerte,extremo
M33,2008-04-01,2009-05-01,2008-08-01,14,3.1352,fuerte,extremo
M33,2012-04-01,2014-04-01,2013-07-01,25,3.0827,fuerte,extremo
M34,1909-07-01,1909-10-01,1909-08-01,4,0.5578,debil,moderado
M34,1935-10-01,1936-02-01,1935-12-01,5,1.0833,debil,fuerte
M34,1951-09-01,1951-12-01,1951-10-01,4,0.7843,debil,fuerte
M34,1965-06-01,1965-10-01,1965-08-01,5,0.7199,debil,fuerte
M34,1971-10-01,1972-01-01,1971-12-01,4,0.6036,debil,fuerte
M34,1979-06-01,1980-08-01,1980-01-01,15,0.8888,debil,fuerte
M34,1985-12-01,1986-03-01,1986-02-01,4,0.7137,debil,fuerte
M34,1986-05-01,1987-01-01,1986-10-01,9,0.9698,debil,fuerte
M34,1987-04-01,1988-02-01,1987-05-01,11,0.8849,debil,fuerte
M34,1993-10-01,1993-12-01,1993-10-01,3,0.5626,debil,moderado
M34,1994-04-01,1995-01-01,1994-11-01,10,0.9882,debil,fuerte
M34,2001-07-01,2001-10-01,2001-08-01,4,0.8176,debil,fuerte
M34,2002-08-01,2003-02-01,2003-01-01,7,0.5578,debil,moderado
M34,2009-05-01,2009-12-01,2009-07-01,8,0.9763,debil,fuerte
M34,2010-10-01,2010-12-01,2010-11-01,3,0.4714,debil,moderado
M34,2011-06-01,2012-01-01,2011-07-01,8,1.0828,debil,fuerte
M34,2012-03-01,2014-08-01,2012-07-01,30,1.5583,moderado,extremo
M35,1904-08-01,1905-08-01,1905-03-01,13,1.2942,debil,fuerte
M35,1913-05-01,1914-07-01,1913-10-01,15,1.2515,debil,fuerte
M35,1923-05-01,1923-08-01,1923-06-01,4,1.0092,debil,fuerte
M35,1926-05-01,1926-08-01,1926-06-01,4,1.1916,debil,fuerte
M35,1934-04-01,1934-06-01,1934-05-01,3,1.1438,debil,fuerte
M35,1942-01-01,1942-10-01,1942-07-01,10,1.8595,moderado,extremo
M35,1951-01-01,1951-06-01,1951-04-01,6,1.4732,moderado,fuerte
M35,1951-12-01,1952-02-01,1952-02-01,3,0.6890,debil,moderado
M35,1960-02-01,1961-08-01,1960-07-01,19,1.4830,moderado,fuerte
M35,1967-07-01,1968-02-01,1967-08-01,8,0.9867,debil,fuerte
M35,1973-04-01,1973-10-01,1973-08-01,7,0.8818,debil,fuerte
M35,1979-08-01,1979-11-01,1979-10-01,4,0.6971,debil,moderado
M35,1982-03-01,1982-05-01,1982-04-01,3,0.6019,debil,moderado
M35,1985-02-01,1985-12-01,1985-10-01,11,1.1402,debil,fuerte
M35,1987-02-01,1987-07-01,1987-06-01,6,0.9335,debil,fuerte
M35,1990-10-01,1990-12-01,1990-11-01,3,0.5570,debil,moderado
M35,1992-05-01,1993-02-01,1992-10-01,10,1.1595,debil,fuerte
M35,1996-07-01,1997-08-01,1997-02-01,14,0.9501,debil,fuerte
M35,1998-06-01,1998-08-01,1998-07-01,3,0.6878,debil,moderado
M35,2000-05-01,2000-08-01,2000-07-01,4,1.0313,debil,fuerte
M35,2001-01-01,2001-04-01,2001-03-01,4,0.6167,debil,moderado
M35,2002-05-01,2002-07-01,2002-06-01,3,0.4832,debil,moderado
M35,2002-09-01,2002-11-01,2002-10-01,3,0.4979,debil,moderado
M35,2003-02-01,2003-11-01,2003-07-01,10,1.5258,moderado,extremo
M35,2007-10-01,2008-10-01,2008-09-01,13,0.8526,debil,fuerte
M35,2010-03-01,2010-08-01,2010-06-01,6,0.8602,debil,fuerte
M35,2011-07-01,2012-03-01,2011-11-01,9,1.4201,moderado,fuerte
M35,2012-08-01,2012-10-01,2012-09-01,3,0.7804,debil,fuerte
M36,1901-08-01,1902-04-01,1901-12-01,9,0.6358,debil,moderado
M36,1904-03-01,1905-08-01,1905-05-01,18,1.7920,moderado,extremo
M36,1908-03-01,1908-08-01,1908-07-01,6,0.9213,debil,fuerte
M36,1909-04-01,1909-08-01,1909-04-01,5,0.5044,debil,moderado
M36,1922-06-01,1923-08-01,1922-11-01,15,1.6202,moderado,extremo
M36,1935-05-01,1936-09-01,1936-05-01,17,2.2327,fuerte,extremo
M36,1944-03-01,1944-09-01,1944-05-01,7,0.8754,debil,fuerte
M36,1945-08-01,1945-12-01,1945-11-01,5,0.7277,debil,moderado
M36,1947-10-01,1948-06-01,1948-03-01,9,1.0774,debil,fuerte
M36,1954-06-01,1955-09-01,1955-06-01,16,1.2621,debil,fuerte
M36,1957-08-01,1958-08-01,1958-01-01,13,0.8376,debil,fuerte
M36,1962-02-01,1962-05-01,1962-04-01,4,0.5841,debil,moderado
M36,1963-12-01,1964-02-01,1964-01-01,3,0.4951,debil,moderado
M36,1970-08-01,1971-03-01,1970-12-01,8,1.1238,debil,fuerte
M36,1974-05-01,1975-05-01,1975-01-01,13,1.2269,debil,fuerte
M36,1978-06-01,1979-05-01,1978-08-01,12,1.1945,debil,fuerte
M36,1980-11-01,1981-04-01,1981-01-01,6,0.6426,debil,moderado
M36,1984-11-01,1985-02-01,1984-12-01,4,0.5422,debil,moderado
M36,1985-08-01,1986-05-01,1985-12-01,10,1.1632,debil,fuerte
M36,1987-07-01,1988-02-01,1987-09-01,8,0.9223,debil,fuerte
M36,1990-07-01,1991-08-01,1991-01-01,14,0.9665,debil,fuerte
M36,1994-11-01,1995-05-01,1995-02-01,7,0.9486,debil,fuerte
M36,1997-11-01,1998-06-01,1998-04-01,8,1.0494,debil,fuerte
M36,2000-05-01,2001-09-01,2001-06-01,17,2.5648,fuerte,extremo
M36,2004-09-01,2006-02-01,2005-05-01,18,1.7560,moderado,extremo
M36,2007-10-01,2009-05-01,2007-12-01,20,1.5903,moderado,extremo
M36,2011-12-01,2012-03-01,2012-01-01,4,0.5362,debil,moderado
M36,2012-06-01,2013-04-01,2012-12-01,11,0.8176,debil,fuerte
M37,1903-07-01,1904-03-01,1903-09-01,9,1.0917,debil,fuerte
M37,1904-05-01,1904-10-01,1904-07-01,6,0.7306,debil,moderado
M37,1908-09-01,1909-12-01,1909-08-01,16,1.4059,moderado,fuerte
M37,1912-07-01,1913-02-01,1912-09-01,8,2.1378,moderado,extremo
M37,1913-04-01,1913-07-01,1913-06-01,4,0.8631,debil,fuerte
M37,1915-05-01,1916-03-01,1915-09-01,11,1.6157,moderado,extremo
M37,1918-08-01,1920-01-01,1919-10-01,18,0.8909,debil,fuerte
M37,1923-05-01,1923-12-01,1923-09-01,8,0.7657,debil,moderado
M37,1927-05-01,1927-10-01,1927-07-01,6,0.9339,debil,fuerte
M37,1929-12-01,1930-05-01,1930-04-01,6,0.9849,debil,fuerte
M37,1931-05-01,1932-02-01,1932-01-01,10,0.7591,debil,moderado
M37,1935-06-01,1936-02-01,1935-08-01,9,1.3751,moderado,fuerte
M37,1939-08-01,1939-10-01,1939-09-01,3,0.6240,debil,moderado
M37,1940-06-01,1941-01-01,1940-08-01,8,1.6965,moderado,extremo
M37,1945-07-01,1945-09-01,1945-08-01,3,0.5610,debil,moderado
M37,1947-07-01,1947-10-01,1947-08-01,4,0.6964,debil,moderado
M37,1949-08-01,1949-10-01,1949-09-01,3,0.5580,debil,moderado
M37,1950-08-01,1950-10-01,1950-09-01,3,0.5732,debil,moderado
M37,1954-05-01,1955-12-01,1954-09-01,20,2.1899,fuerte,extremo
M37,1957-04-01,1957-10-01,1957-09-01,7,0.7646,debil,moderado
M37,1958-06-01,1958-12-01,1958-08-01,7,0.7782,debil,moderado
M37,1965-01-01,1966-12-01,1965-05-01,24,1.8420,moderado,extremo
M37,1970-08-01,1971-02-01,1970-12-01,7,1.1398,debil,fuerte
M37,1976-06-01,1976-08-01,1976-07-01,3,0.7713,debil,moderado
M37,1981-09-01,1982-02-01,1981-12-01,6,0.8289,debil,fuerte
M37,1982-06-01,1983-02-01,1982-08-01,9,0.8431,debil,fuerte
M37,1997-03-01,1997-05-01,1997-03-01,3,0.4663,debil,moderado
M37,1999-02-01,1999-04-01,1999-04-01,3,0.6529,debil,moderado
M37,2000-04-01,2001-08-01,2000-12-01,17,1.9704,moderado,extremo
M37,2003-04-01,2003-11-01,2003-09-01,8,1.3688,moderado,fuerte
M37,2006-07-01,2007-01-01,2006-08-01,7,1.1332,debil,fuerte
M37,2007-05-01,2007-07-01,2007-06-01,3,0.6245,debil,moderado
M37,2008-06-01,2009-05-01,2008-12-01,12,1.2193,debil,fuerte
M37,2010-02-01,2010-05-01,2010-03-01,4,0.7313,debil,moderado
M37,2011-01-01,2011-04-01,2011-03-01,4,0.6881,debil,moderado
M37,2012-11-01,2014-05-01,2013-05-01,19,2.0967,moderado,extremo
M38,1902-03-01,1904-02-01,1903-11-01,24,2.1979,fuerte,extremo
M38,1911-01-01,1912-02-01,1911-06-01,14,2.0184,moderado,fuerte
M38,1912-07-01,1914-05-01,1912-11-01,23,1.1833,debil,fuerte
M38,1914-07-01,1914-12-01,1914-10-01,6,0.7924,debil,moderado
M38,1919-04-01,1920-06-01,1919-07-01,15,2.7111,fuerte,extremo
M38,1921-04-01,1921-08-01,1921-06-01,5,0.8533,debil,moderado
M38,1930-02-01,1930-04-01,1930-04-01,3,0.6542,debil,moderado
M38,1930-07-01,1931-06-01,1931-01-01,12,1.7388,moderado,fuerte
M38,1933-02-01,1935-01-01,1933-08-01,24,2.2338,fuerte,extremo
M38,1939-01-01,1940-12-01,1940-01-01,24,1.3316,debil,fuerte
M38,1942-05-01,1942-09-01,1942-05-01,5,0.6275,debil,moderado
M38,1945-06-01,1945-11-01,1945-09-01,6,1.1403,debil,fuerte
M38,1947-06-01,1948-10-01,1948-01-01,17,1.7704,moderado,fuerte
M38,1949-12-01,1952-03-01,1950-10-01,28,1.3722,moderado,fuerte
M38,1953-02-01,1954-02-01,1953-12-01,13,1.2571,debil,fuerte
M38,1954-09-01,1954-11-01,1954-10-01,3,0.6455,debil,moderado
M38,1959-08-01,1959-12-01,1959-09-01,5,0.6544,debil,moderado
M38,1960-10-01,1963-01-01,1961-12-01,28,3.6561,extraordinario,extremo
M38,1972-03-01,1972-05-01,1972-03-01,3,0.6752,debil,moderado
M38,1974-03-01,1976-01-01,1974-12-01,23,2.7690,fuerte,extremo
M38,1977-01-01,1977-05-01,1977-03-01,5,1.3206,debil,fuerte
M38,1977-11-01,1980-01-01,1979-10-01,27,1.8936,moderado,fuerte
M38,1989-08-01,1991-02-01,1990-07-01,19,3.0410,fuerte,extremo
M38,1993-05-01,1995-01-01,1994-08-01,21,1.9246,moderado,fuerte
M38,1995-11-01,1997-01-01,1996-11-01,15,1.4528,moderado,fuerte
M38,2003-01-01,2006-02-01,2005-01-01,38,3.2750,fuerte,extremo
M38,2012-04-01,2014-11-01,2014-08-01,32,2.9175,fuerte,extremo
M39,1900-05-01,1901-02-01,1900-12-01,10,0.8928,debil,moderado
M39,1903-04-01,1904-10-01,1903-11-01,19,2.2063,fuerte,extremo
M39,1906-05-01,1907-02-01,1906-09-01,10,0.9956,debil,moderado
M39,1910-03-01,1911-03-01,1910-12-01,13,2.0505,moderado,extremo
M39,1913-10-01,1914-07-01,1914-01-01,10,0.9139,debil,moderado
M39,1915-07-01,1916-02-01,1915-12-01,8,1.4872,moderado,fuerte
M39,1916-04-01,1917-05-01,1916-12-01,14,1.9422,moderado,fuerte
M39,1919-04-01,1920-02-01,1919-11-01,11,1.6317,moderado,fuerte
M39,1922-04-01,1923-01-01,1922-07-01,10,1.8833,moderado,fuerte
M39,1923-05-01,1924-07-01,1923-10-01,15,2.8347,fuerte,extremo
M39,1926-05-01,1926-08-01,1926-07-01,4,0.7142,debil,moderado
M39,1927-04-01,1928-04-01,1927-12-01,13,2.3237,fuerte,extremo
M39,1930-04-01,1931-05-01,1930-11-01,14,2.2437,fuerte,extremo
M39,1933-03-01,1934-06-01,1933-09-01,16,2.8029,fuerte,extremo
M39,1936-03-01,1937-04-01,1936-12-01,14,1.3940,moderado,fuerte
M39,1942-04-01,1943-05-01,1942-08-01,14,2.0354,moderado,extremo
M39,1943-09-01,1944-03-01,1944-01-01,7,1.2616,debil,fuerte
M39,1946-06-01,1946-08-01,1946-07-01,3,0.4456,debil,moderado
M39,1947-03-01,1948-04-01,1947-07-01,14,2.5858,fuerte,extremo
M39,1951-02-01,1952-10-01,1951-11-01,21,4.1991,extraordinario,extremo
M39,1954-05-01,1955-04-01,1954-11-01,12,1.3120,debil,fuerte
M39,1955-08-01,1956-05-01,1955-12-01,10,1.2825,debil,fuerte
M39,1956-09-01,1957-02-01,1956-12-01,6,1.2872,debil,fuerte
M39,1958-04-01,1958-07-01,1958-05-01,4,0.5334,debil,moderado
M39,1959-05-01,1959-08-01,1959-06-01,4,0.8795,debil,moderado
M39,1963-05-01,1963-07-01,1963-06-01,3,0.8333,debil,moderado
M39,1964-06-01,1964-12-01,1964-08-01,7,1.5041,moderado,fuerte
M39,1967-11-01,1968-02-01,1967-12-01,4,0.6556,debil,moderado
M39,1970-05-01,1971-05-01,1970-11-01,13,3.2540,fuerte,extremo
M39,1972-03-01,1972-06-01,1972-04-01,4,0.5998,debil,moderado
M39,1973-02-01,1974-02-01,1973-05-01,13,1.0567,debil,fuerte
M39,1975-04-01,1976-05-01,1975-11-01,14,2.5254,fuerte,extremo
M39,1979-04-01,1980-04-01,1979-07-01,13,2.0434,moderado,extremo
M39,1983-05-01,1984-06-01,1983-12-01,14,2.3779,fuerte,extremo
M39,1987-09-01,1987-11-01,1987-10-01,3,0.5130,debil,moderado
M39,1990-04-01,1991-01-01,1990-06-01,10,1.0787,debil,fuerte
M39,1993-06-01,1994-02-01,1993-12-01,9,0.6852,debil,moderado
M39,1996-07-01,1996-12-01,1996-09-01,6,1.1074,debil,fuerte
M39,2002-05-01,2002-07-01,2002-06-01,3,0.4895,debil,moderado
M39,2003-06-01,2004-02-01,2003-08-01,9,1.3338,debil,fuerte
M39,2004-11-01,2005-02-01,2005-01-01,4,1.0201,debil,fuerte
M39,2006-03-01,2006-07-01,2006-05-01,5,0.9091,debil,moderado
M39,2007-04-01,2007-10-01,2007-07-01,7,1.0306,debil,fuerte
M39,2009-03-01,2011-03-01,2010-08-01,25,1.7250,moderado,fuerte
M39,2011-08-01,2012-04-01,2011-09-01,9,0.6034,debil,moderado
M39,2014-04-01,2014-11-01,2014-07-01,8,0.8080,debil,moderado
M40,1902-06-01,1902-12-01,1902-09-01,7,1.2990,debil,extremo
M40,1906-05-01,1906-11-01,1906-07-01,7,0.6472,debil,moderado
M40,1907-03-01,1907-07-01,1907-05-01,5,0.8270,debil,fuerte
M40,1912-05-01,1912-08-01,1912-07-01,4,0.9890,debil,fuerte
M40,1914-04-01,1914-08-01,1914-06-01,5,0.8099,debil,fuerte
M40,1918-08-01,1919-02-01,1918-12-01,7,0.7880,debil,fuerte
M40,1924-05-01,1924-11-01,1924-08-01,7,1.1006,debil,fuerte
M40,1929-06-01,1930-09-01,1930-06-01,16,2.2890,fuerte,extremo
M40,1932-05-01,1932-09-01,1932-06-01,5,1.1149,debil,fuerte
M40,1935-05-01,1936-09-01,1935-08-01,17,2.3894,fuerte,extremo
M40,1942-02-01,1942-10-01,1942-06-01,9,0.5616,debil,moderado
M40,1943-07-01,1944-06-01,1943-09-01,12,0.9634,debil,fuerte
M40,1948-04-01,1948-06-01,1948-05-01,3,0.6799,debil,fuerte
M40,1953-08-01,1953-12-01,1953-11-01,5,0.8081,debil,fuerte
M40,1954-03-01,1955-01-01,1954-06-01,11,2.0410,moderado,extremo
M40,1956-08-01,1956-10-01,1956-08-01,3,0.4900,debil,moderado
M40,1959-05-01,1959-08-01,1959-07-01,4,0.8996,debil,fuerte
M40,1961-08-01,1961-10-01,1961-09-01,3,0.7528,debil,fuerte
M40,1962-03-01,1962-11-01,1962-08-01,9,0.9859,debil,fuerte
M40,1965-03-01,1966-09-01,1966-06-01,19,2.1555,fuerte,extremo
M40,1970-05-01,1970-10-01,1970-06-01,6,0.7080,debil,fuerte
M40,1981-08-01,1981-12-01,1981-10-01,5,0.7835,debil,fuerte
M40,1982-08-01,1982-10-01,1982-09-01,3,0.5476,debil,moderado
M40,1983-10-01,1984-01-01,1983-12-01,4,0.5087,debil,moderado
M40,1986-03-01,1986-08-01,1986-06-01,6,1.4637,moderado,extremo
M40,1993-06-01,1993-11-01,1993-08-01,6,1.0969,debil,fuerte
M40,1997-06-01,1998-04-01,1997-07-01,11,0.7945,debil,fuerte
M40,2002-01-01,2002-06-01,2002-04-01,6,0.7067,debil,fuerte
M40,2005-11-01,2006-01-01,2005-12-01,3,0.5237,debil,moderado
M40,2006-04-01,2006-06-01,2006-05-01,3,0.6654,debil,fuerte
M40,2006-11-01,2007-01-01,2006-11-01,3,0.4852,debil,moderado
M40,2009-12-01,2010-10-01,2010-06-01,11,0.8979,debil,fuerte
M40,2012-12-01,2014-02-01,2013-09-01,15,1.1002,debil,fuerte
OBS,1901-10-01,1901-12-01,1901-11-01,3,1.1136,debil,fuerte
OBS,1902-06-01,1902-11-01,1902-09-01,6,0.8482,debil,moderado
OBS,1904-08-01,1904-10-01,1904-09-01,3,0.7511,debil,moderado
OBS,1911-11-01,1912-02-01,1912-01-01,4,0.7442,debil,moderado
OBS,1913-10-01,1913-12-01,1913-12-01,3,0.7587,debil,moderado
OBS,1918-05-01,1919-01-01,1918-08-01,9,1.8142,moderado,fuerte
OBS,1925-07-01,1925-09-01,1925-08-01,3,0.6294,debil,moderado
OBS,1930-09-01,1931-01-01,1930-11-01,5,1.0957,debil,fuerte
OBS,1939-07-01,1939-09-01,1939-07-01,3,0.6141,debil,moderado
OBS,1939-11-01,1940-02-01,1939-12-01,4,0.7894,debil,moderado
OBS,1941-02-01,1941-06-01,1941-04-01,5,1.1958,debil,fuerte
OBS,1941-09-01,1941-12-01,1941-11-01,4,0.6810,debil,moderado
OBS,1945-09-01,1946-02-01,1946-01-01,6,1.6137,moderado,fuerte
OBS,1951-05-01,1951-11-01,1951-07-01,7,1.4741,moderado,fuerte
OBS,1953-03-01,1953-06-01,1953-04-01,4,1.1097,debil,fuerte
OBS,1957-03-01,1957-12-01,1957-06-01,10,2.1037,moderado,extremo
OBS,1965-04-01,1965-09-01,1965-05-01,6,1.3772,moderado,fuerte
OBS,1969-04-01,1969-06-01,1969-05-01,3,1.0989,debil,fuerte
OBS,1972-03-01,1973-01-01,1972-07-01,11,1.9809,moderado,extremo
OBS,1976-05-01,1976-11-01,1976-07-01,7,1.3429,debil,fuerte
OBS,1982-07-01,1983-11-01,1983-06-01,17,3.9275,extraordinario,extremo
OBS,1986-12-01,1987-12-01,1987-04-01,13,1.5440,moderado,fuerte
OBS,1991-08-01,1992-06-01,1992-04-01,11,1.8844,moderado,fuerte
OBS,1993-03-01,1993-09-01,1993-05-01,7,1.1611,debil,fuerte
OBS,1994-11-01,1995-01-01,1994-12-01,3,0.6953,debil,moderado
OBS,1997-03-01,1998-09-01,1997-11-01,19,3.9508,extraordinario,extremo
OBS,2002-03-01,2002-05-01,2002-04-01,3,0.7666,debil,moderado
OBS,2002-10-01,2002-12-01,2002-11-01,3,0.7488,debil,moderado
OBS,2006-08-01,2007-01-01,2006-10-01,6,0.9091,debil,moderado
OBS,2008-03-01,2008-09-01,2008-08-01,7,1.0827,debil,fuerte
OBS,2009-05-01,2009-09-01,2009-07-01,5,0.7480,debil,moderado
OBS,2012-03-01,2012-07-01,2012-05-01,5,1.0014,debil,fuerte
OBS,2014-05-01,2014-11-01,2014-06-01,7,1.2280,debil,fuerte
